DateTime,Latitude,Longitude,DO,DOSAT,FLUOR,FLUORRFU,FNU,PH,SPC,WT,GreenAlgae.ugL,cyanobacteria.ugL,Diatoms.ugL,Cryptophytes.ugL,Total.FP.Chla.ugL
7/19/2022 7:46,38.01782667,-121.753385,7.8275,93.475,4.925,1.2425,14,7.73,1876,23.99,NA,NA,NA,NA,NA
7/19/2022 7:47,38.01785015,-121.7533748,7.811818182,93.26363636,5.060909091,1.273636364,14.42727273,7.74,1876.090909,23.99,NA,NA,NA,NA,NA
7/19/2022 7:48,38.01785208,-121.7533575,7.906666667,94.55833333,5.059166667,1.2725,8.166666667,7.740833333,1877.75,24.07083333,NA,NA,NA,NA,NA
7/19/2022 7:49,38.01783722,-121.753331,7.825,93.56666667,4.9675,1.25,6.208333333,7.75,1879.5,24.0725,NA,NA,NA,NA,NA
7/19/2022 7:50,38.01779349,-121.7533559,7.806666667,93.35,4.749166667,1.196666667,5.983333333,7.763333333,1873.166667,24.06,NA,NA,NA,NA,NA
7/19/2022 7:51,38.017825,-121.7533365,7.815833333,93.44166667,4.605,1.160833333,6.158333333,7.778333333,1871.416667,24.05,NA,NA,NA,NA,NA
7/19/2022 7:52,38.01783861,-121.7533329,7.7925,93.16666667,4.6925,1.180833333,5.333333333,7.785833333,1875,24.06416667,NA,NA,NA,NA,NA
7/19/2022 7:53,38.01785847,-121.7532717,7.7775,93.01666667,4.264166667,1.074166667,5.1,7.791666667,1875.25,24.07,NA,NA,NA,NA,NA
7/19/2022 7:54,38.01787639,-121.7530511,7.808333333,93.35,4.1425,1.044166667,5.175,7.795,1912.25,24.06583333,NA,NA,NA,NA,NA
7/19/2022 7:55,38.01796861,-121.752569,7.9225,94.625,4.135833333,1.041666667,6.341666667,7.8425,1837.833333,24.01166667,NA,NA,NA,NA,NA
7/19/2022 7:56,38.01846,-121.7524199,7.976666667,94.99166667,3.970833333,1.000833333,5.8,7.875833333,1779.666667,23.85833333,NA,NA,NA,NA,NA
7/19/2022 7:57,38.0193075,-121.7524153,7.760833333,92.20833333,4.05,1.0225,6.083333333,7.808333333,1739.916667,23.73833333,NA,NA,NA,NA,NA
7/19/2022 7:58,38.02017583,-121.7525357,7.5775,89.88333333,4.015833333,1.0125,6.541666667,7.744166667,1761.166667,23.64416667,NA,NA,NA,NA,NA
7/19/2022 7:59,38.02141125,-121.7531097,7.7775,92.10833333,4.041666667,1.019166667,10.10833333,7.705,2391.75,23.45333333,NA,NA,NA,NA,NA
7/19/2022 8:00,38.02287615,-121.7541743,7.986666667,94.60833333,4.086666667,1.029166667,9.533333333,7.754166667,2629.583333,23.43,NA,NA,NA,NA,NA
7/19/2022 8:01,38.02445417,-121.7551779,7.979166667,94.525,4.041666667,1.018333333,9.716666667,7.756666667,2686.916667,23.42833333,NA,NA,NA,NA,NA
7/19/2022 8:02,38.02629431,-121.7562458,7.945833333,94.04166667,4.228333333,1.064166667,9.666666667,7.751666667,2650.25,23.385,NA,NA,NA,NA,NA
7/19/2022 8:03,38.0279932,-121.7585293,7.960833333,94.13333333,4.06,1.023333333,9.433333333,7.75,2668.333333,23.335,NA,NA,NA,NA,NA
7/19/2022 8:04,38.02849906,-121.7615626,7.966666667,94.25833333,3.864166667,0.974166667,9.941666667,7.743333333,2877.25,23.33,NA,NA,NA,NA,NA
7/19/2022 8:05,38.02859028,-121.7637233,7.9725,94.35833333,3.903333333,0.985,9.625,7.75,2922.5,23.33416667,NA,NA,NA,NA,NA
7/19/2022 8:06,38.02868083,-121.7656418,7.969166667,94.31666667,3.805833333,0.959166667,9.891666667,7.75,2959.333333,23.31916667,NA,NA,NA,NA,NA
7/19/2022 8:07,38.028455,-121.7679949,7.965833333,94.18333333,3.919166667,0.99,10.375,7.75,3012.833333,23.26833333,NA,NA,NA,NA,NA
7/19/2022 8:08,38.02797361,-121.7707112,7.966666667,94.175,4.055,1.021666667,10.69166667,7.75,3047.416667,23.25333333,NA,NA,NA,NA,NA
7/19/2022 8:09,38.02752681,-121.7727219,7.963333333,94.09166667,3.9025,0.9825,11.04166667,7.75,3155.583333,23.21833333,NA,NA,NA,NA,NA
7/19/2022 8:10,38.02672962,-121.7764083,7.968333333,94.23333333,3.805,0.961666667,10.48333333,7.75,3215.166667,23.255,NA,NA,NA,NA,NA
7/19/2022 8:11,38.02570864,-121.7813244,7.948181818,94.07272727,3.821818182,0.964545455,10.65454545,7.735454545,3402.727273,23.25545455,NA,NA,NA,NA,NA
7/19/2022 8:12,38.02478583,-121.7864229,7.9125,93.38333333,3.804166667,0.960833333,14.61666667,7.72,3632.416667,23.075,NA,NA,NA,NA,NA
7/19/2022 8:13,38.02390458,-121.7918265,7.928333333,93.75,3.850833333,0.97,10.94166667,7.71,3960.75,23.12166667,NA,NA,NA,NA,NA
7/19/2022 8:14,38.02299167,-121.7972612,7.935833333,93.83333333,3.835,0.968333333,10.675,7.705833333,4226.583333,23.06666667,NA,NA,NA,NA,NA
7/19/2022 8:15,38.02194084,-121.8026586,7.940833333,93.85,3.828333333,0.965833333,10.94166667,7.695833333,4509.5,23.01833333,NA,NA,NA,NA,NA
7/19/2022 8:16,38.02126792,-121.8062547,7.983333333,94.34166667,3.683333333,0.929166667,10.81666667,7.715,4679.666667,22.95666667,NA,NA,NA,NA,NA
7/19/2022 8:17,38.02130861,-121.8080353,7.996666667,94.45,3.583333333,0.905,11.23333333,7.7225,4863.75,22.90083333,NA,NA,NA,NA,NA
7/19/2022 8:18,38.02192917,-121.8085772,8.003333333,94.49166667,3.514166667,0.888333333,11.175,7.7325,4770,22.89,NA,NA,NA,NA,NA
7/19/2022 8:19,38.02194097,-121.8083958,7.9725,94.16666667,3.4675,0.875833333,11.15833333,7.730833333,4470.083333,22.96833333,NA,NA,NA,NA,NA
7/19/2022 8:20,38.02174807,-121.808152,7.9775,94.24166667,3.508333333,0.885,10.95833333,7.729166667,4504.25,22.9675,NA,NA,NA,NA,NA
7/19/2022 8:21,38.02158139,-121.807835,7.9875,94.33333333,3.449166667,0.87,10.91666667,7.738333333,4538.333333,22.96333333,NA,NA,NA,NA,NA
7/19/2022 8:22,38.02143931,-121.8074186,7.995,94.425,3.189166667,0.805833333,10.93333333,7.745833333,4637.666667,22.9375,NA,NA,NA,NA,NA
7/19/2022 8:23,38.02132833,-121.8070117,7.991666667,94.4,3.128333333,0.790833333,10.925,7.748333333,4760.666667,22.91166667,NA,NA,NA,NA,NA
7/19/2022 8:24,38.02183847,-121.8066969,8.0025,94.475,3.098333333,0.7825,10.88333333,7.753333333,4766.5,22.9075,NA,NA,NA,NA,NA
7/19/2022 8:25,38.02212236,-121.8057193,7.973333333,94.16666667,2.894166667,0.730833333,10.90833333,7.750833333,4585.083333,22.93833333,NA,NA,NA,NA,NA
7/19/2022 8:26,38.02225431,-121.8047819,7.975,94.2,2.715,0.6875,10.63333333,7.749166667,4568.833333,22.95083333,NA,NA,NA,NA,NA
7/19/2022 8:27,38.02235486,-121.8038736,7.981666667,94.30833333,2.571666667,0.6525,10.41666667,7.751666667,4654.75,22.96,NA,NA,NA,NA,NA
7/19/2022 8:28,38.02243153,-121.8028835,7.979166667,94.3,2.385,0.603333333,10.39166667,7.75,4743.583333,22.96,NA,NA,NA,NA,NA
7/19/2022 8:29,38.02248125,-121.8019464,7.98,94.3,1.84,0.468333333,10.36666667,7.755833333,4807.5,22.95,NA,NA,NA,NA,NA
7/19/2022 8:30,38.02259597,-121.801006,7.9825,94.375,1.419166667,0.361666667,10.225,7.76,4821.583333,22.95,NA,NA,NA,NA,NA
7/19/2022 8:31,38.02272639,-121.8001382,7.984166667,94.38333333,1.38,0.354166667,10.26666667,7.759166667,4776.666667,22.96,NA,NA,NA,NA,NA
7/19/2022 8:32,38.02282931,-121.7992067,7.945833333,93.95,1.48,0.3775,10.38333333,7.743333333,4737.583333,22.97333333,NA,NA,NA,NA,NA
7/19/2022 8:33,38.02292347,-121.7982729,7.94,93.875,1.464166667,0.374166667,10.49166667,7.74,4615.25,22.98666667,NA,NA,NA,NA,NA
7/19/2022 8:34,38.02309583,-121.7973772,7.950833333,93.99166667,1.456666667,0.373333333,10.225,7.7475,4510.75,23.00416667,NA,NA,NA,NA,NA
7/19/2022 8:35,38.02333057,-121.7965244,7.96,94.09166667,1.519166667,0.389166667,9.816666667,7.75,4306.916667,23.03083333,NA,NA,NA,NA,NA
7/19/2022 8:36,38.02362742,-121.7958061,7.96,94.10909091,1.451818182,0.371818182,9.690909091,7.76,4248.909091,23.05181818,NA,NA,NA,NA,NA
7/19/2022 8:37,38.023925,-121.7950539,7.945833333,93.96666667,1.399166667,0.359166667,9.716666667,7.750833333,4387.166667,23.05,NA,NA,NA,NA,NA
7/19/2022 8:38,38.02441778,-121.7943396,7.9225,93.69166667,1.478333333,0.3775,9.8,7.75,4335.833333,23.05666667,NA,NA,NA,NA,NA
7/19/2022 8:39,38.02497486,-121.7939514,7.7775,91.91666667,1.383333333,0.353333333,9.441666667,7.701666667,4181,23.05416667,NA,NA,NA,NA,NA
7/19/2022 8:40,38.02501153,-121.7937027,7.728333333,91.425,1.3525,0.3475,9.825,7.653333333,4477.916667,23.055,NA,NA,NA,NA,NA
7/19/2022 8:41,38.02484292,-121.7936489,7.819166667,92.6,1.45,0.371666667,9.966666667,7.6925,4592,23.06916667,NA,NA,NA,NA,NA
7/19/2022 8:42,38.02470542,-121.7934086,7.823333333,92.59166667,1.42,0.364166667,9.825,7.6975,4553.333333,23.06,NA,NA,NA,NA,NA
7/19/2022 8:43,38.02458472,-121.7930757,7.815,92.46666667,1.401666667,0.359166667,9.5,7.6925,4454.333333,23.06,NA,NA,NA,NA,NA
7/19/2022 8:44,38.02455333,-121.7927511,7.8525,92.9,1.3025,0.335,9.25,7.705,4364.75,23.06,NA,NA,NA,NA,NA
7/19/2022 8:45,38.02452222,-121.7924551,7.876666667,93.16666667,1.300833333,0.333333333,9.2,7.714166667,4358,23.0675,NA,NA,NA,NA,NA
7/19/2022 8:46,38.02453806,-121.7921157,7.895833333,93.39166667,1.280833333,0.329166667,9.3,7.723333333,4339.916667,23.07916667,NA,NA,NA,NA,NA
7/19/2022 8:47,38.02452903,-121.7917875,7.916666667,93.68333333,1.3275,0.34,9.275,7.7375,4327.666667,23.08916667,NA,NA,NA,NA,NA
7/19/2022 8:48,38.02460736,-121.7914796,7.936666667,93.90833333,1.355833333,0.3475,9.283333333,7.746666667,4348.833333,23.08333333,NA,NA,NA,NA,NA
7/19/2022 8:49,38.02473108,-121.7911992,7.924166667,93.78333333,1.291666667,0.333333333,9.275,7.741666667,4291,23.10583333,NA,NA,NA,NA,NA
7/19/2022 8:50,38.02480389,-121.7909446,7.760833333,91.775,1.314166667,0.335833333,9.591666667,7.684166667,4053.666667,23.10083333,NA,NA,NA,NA,NA
7/19/2022 8:51,38.02471681,-121.7907057,7.565833333,89.33333333,1.345,0.345833333,9.458333333,7.580833333,3948,23.045,NA,NA,NA,NA,NA
7/19/2022 8:52,38.02463333,-121.7904929,7.613333333,89.93333333,1.291666667,0.330833333,9.266666667,7.586666667,3976.833333,23.05,NA,NA,NA,NA,NA
7/19/2022 8:53,38.02454,-121.7902451,7.711666667,91.15,1.336666667,0.343333333,9.375,7.621666667,4037.416667,23.07083333,NA,NA,NA,NA,NA
7/19/2022 8:54,38.02454847,-121.7896596,7.835,92.68333333,1.339166667,0.3425,9.475,7.680833333,4109.333333,23.105,NA,NA,NA,NA,NA
7/19/2022 8:55,38.02495472,-121.7867721,7.905,93.525,1.4975,0.381666667,9.708333333,7.721666667,4122.75,23.11333333,NA,NA,NA,NA,NA
7/19/2022 8:56,38.02559903,-121.7831993,7.8825,92.84166667,1.619166667,0.415,15.05,7.755,3669.416667,22.95416667,NA,NA,NA,NA,NA
7/19/2022 8:57,38.02608389,-121.7794431,7.898333333,92.525,1.425833333,0.365833333,15.425,7.7625,3506.25,22.70916667,NA,NA,NA,NA,NA
7/19/2022 8:58,38.02705681,-121.7745911,7.963333333,93.56666667,1.520833333,0.3875,13.23333333,7.770833333,3572.166667,22.85333333,NA,NA,NA,NA,NA
7/19/2022 8:59,38.02817875,-121.76962,8,94.65833333,1.545833333,0.396666667,9.616666667,7.800833333,3394.833333,23.22583333,NA,NA,NA,NA,NA
7/19/2022 9:00,38.02844347,-121.7667149,7.994166667,94.54166667,1.54,0.3925,9.775,7.8125,3210.083333,23.25,NA,NA,NA,NA,NA
7/19/2022 9:01,38.02841181,-121.7645546,8,94.69166667,1.4725,0.3775,9.4,7.825833333,3050.416667,23.31083333,NA,NA,NA,NA,NA
7/19/2022 9:02,38.02833757,-121.7621083,7.983636364,94.48181818,1.426363636,0.363636364,9.136363636,7.83,2818.181818,23.36181818,NA,NA,NA,NA,NA
7/19/2022 9:03,38.02812042,-121.7576207,8,94.775,1.4425,0.368333333,8.941666667,7.841666667,2734.166667,23.42166667,NA,NA,NA,NA,NA
7/19/2022 9:04,38.02780472,-121.7515388,8.036666667,95.25833333,1.494166667,0.381666667,8.841666667,7.85,2696.416667,23.4625,NA,NA,NA,NA,NA
7/19/2022 9:05,38.02767389,-121.7449631,8.036666667,95.225,1.475,0.378333333,8.491666667,7.850833333,2692.666667,23.44583333,NA,NA,NA,NA,NA
7/19/2022 9:06,38.02833333,-121.7386538,7.991666667,94.60833333,1.42,0.3625,8.441666667,7.84,2582.333333,23.41166667,NA,NA,NA,NA,NA
7/19/2022 9:07,38.02992347,-121.7326576,7.971666667,94.40833333,1.325,0.339166667,8.158333333,7.845833333,2437.166667,23.465,NA,NA,NA,NA,NA
7/19/2022 9:08,38.0316225,-121.7266801,7.991666667,94.68333333,1.311666667,0.335,7.85,7.859166667,2331.666667,23.5025,NA,NA,NA,NA,NA
7/19/2022 9:09,38.03308502,-121.7204974,8.013333333,94.96666667,1.305,0.335,7.766666667,7.8675,2266.25,23.52083333,NA,NA,NA,NA,NA
7/19/2022 9:10,38.03388375,-121.7141147,8.016666667,95.01666667,1.235833333,0.318333333,7.891666667,7.885833333,2032.916667,23.56666667,NA,NA,NA,NA,NA
7/19/2022 9:11,38.03470923,-121.7093292,8.066153846,95.68461538,1.186923077,0.304615385,7.361538462,7.914615385,1821.538462,23.63923077,NA,NA,NA,NA,NA
7/19/2022 9:12,38.03489303,-121.7087073,8.093636364,96.03636364,1.098181818,0.282727273,7.1,7.922727273,1784.727273,23.66,NA,NA,NA,NA,NA
7/19/2022 9:13,38.03496653,-121.7084064,8.098333333,96.11666667,1.128333333,0.291666667,7.116666667,7.926666667,1774.916667,23.66416667,NA,NA,NA,NA,NA
7/19/2022 9:14,38.03502028,-121.7080196,8.101666667,96.11666667,1.150833333,0.295833333,6.95,7.920833333,1781.333333,23.66333333,NA,NA,NA,NA,NA
7/19/2022 9:15,38.03522681,-121.7077142,8.11,96.26666667,1.130833333,0.291666667,6.916666667,7.92,1772.666667,23.67833333,NA,NA,NA,NA,NA
7/19/2022 9:16,38.03603069,-121.7071721,8.1075,96.18333333,1.201666667,0.309166667,6.975,7.92,1786,23.66916667,NA,NA,NA,NA,NA
7/19/2022 9:17,38.03654208,-121.706174,8.105833333,96.175,1.1825,0.305,7.125,7.910833333,1818.25,23.66666667,NA,NA,NA,NA,NA
7/19/2022 9:18,38.03698778,-121.7052511,8.101666667,96.10833333,1.209166667,0.311666667,7.675,7.8825,1947.166667,23.625,NA,NA,NA,NA,NA
7/19/2022 9:19,38.03741516,-121.7043574,8.11,96.2,1.196666667,0.306666667,7.541666667,7.88,1918.583333,23.62583333,NA,NA,NA,NA,NA
7/19/2022 9:20,38.03791514,-121.7034893,8.115,96.25833333,1.186666667,0.305,7.266666667,7.889166667,1856.333333,23.63833333,NA,NA,NA,NA,NA
7/19/2022 9:21,38.03843625,-121.7027551,8.13,96.48333333,1.146666667,0.294166667,6.975,7.904166667,1790.333333,23.6675,NA,NA,NA,NA,NA
7/19/2022 9:22,38.03895611,-121.7020144,8.1225,96.40833333,1.076666667,0.2775,7.208333333,7.891666667,1862.75,23.64916667,NA,NA,NA,NA,NA
7/19/2022 9:23,38.03947889,-121.701211,8.140833333,96.6,1.144166667,0.295,6.866666667,7.903333333,1774.25,23.6725,NA,NA,NA,NA,NA
7/19/2022 9:24,38.04006597,-121.700523,8.156666667,96.81666667,1.1875,0.305833333,6.783333333,7.92,1724,23.7,NA,NA,NA,NA,NA
7/19/2022 9:25,38.04063792,-121.6998601,8.1525,96.75833333,1.141666667,0.294166667,6.8,7.914166667,1736.583333,23.7,NA,NA,NA,NA,NA
7/19/2022 9:26,38.0411875,-121.6990981,8.155833333,96.84166667,1.18,0.304166667,6.816666667,7.915833333,1726.083333,23.71,NA,NA,NA,NA,NA
7/19/2022 9:27,38.04184375,-121.6985117,8.145,96.65833333,1.139166667,0.2925,6.891666667,7.904166667,1764.416667,23.69166667,NA,NA,NA,NA,NA
7/19/2022 9:28,38.04246955,-121.6980876,8.141818182,96.63636364,1.152727273,0.298181818,7.009090909,7.901818182,1771.090909,23.69272727,NA,NA,NA,NA,NA
7/19/2022 9:29,38.04282597,-121.6978511,8.155,96.825,1.120833333,0.289166667,6.8,7.909166667,1718.416667,23.7125,NA,NA,NA,NA,NA
7/19/2022 9:30,38.04286401,-121.6974058,8.16,96.9,1.1625,0.298333333,6.833333333,7.9175,1673.333333,23.73833333,NA,NA,NA,NA,NA
7/19/2022 9:31,38.04283125,-121.6970414,8.145,96.75,1.1625,0.298333333,6.858333333,7.915833333,1646.916667,23.74416667,NA,NA,NA,NA,NA
7/19/2022 9:32,38.04304222,-121.6968811,8.14,96.75,1.055,0.2725,6.9,7.919166667,1612,23.77083333,NA,NA,NA,NA,NA
7/19/2022 9:33,38.04411625,-121.6981451,8.15,96.875,1.114166667,0.288333333,6.966666667,7.909166667,1642.5,23.77666667,NA,NA,NA,NA,NA
7/19/2022 9:34,38.04416208,-121.69858,8.195,97.425,1.218333333,0.313333333,7.016666667,7.91,1654.416667,23.78333333,NA,NA,NA,NA,NA
7/19/2022 9:35,38.04413917,-121.6983346,8.204166667,97.525,1.211666667,0.31,6.95,7.91,1655.833333,23.78083333,NA,NA,NA,NA,NA
7/19/2022 9:36,38.04422403,-121.6981046,8.208333333,97.58333333,1.214166667,0.3125,6.85,7.91,1652.833333,23.79,NA,NA,NA,NA,NA
7/19/2022 9:37,38.04428153,-121.6978338,8.2,97.5,1.190833333,0.305,6.9,7.91,1647.916667,23.7975,NA,NA,NA,NA,NA
7/19/2022 9:38,38.0443832,-121.6975658,8.2,97.51666667,1.1175,0.288333333,6.825,7.91,1637.583333,23.81166667,NA,NA,NA,NA,NA
7/19/2022 9:39,38.04441055,-121.6973183,8.2025,97.56666667,1.1725,0.300833333,6.783333333,7.91,1634,23.82,NA,NA,NA,NA,NA
7/19/2022 9:40,38.04448292,-121.6969932,8.205,97.575,1.146666667,0.294166667,6.758333333,7.91,1631.333333,23.82,NA,NA,NA,NA,NA
7/19/2022 9:41,38.04458167,-121.6967038,8.193333333,97.45833333,1.1525,0.296666667,6.841666667,7.905833333,1627.5,23.82,NA,NA,NA,NA,NA
7/19/2022 9:42,38.04478264,-121.6964908,8.180833333,97.30833333,1.154166667,0.296666667,6.991666667,7.899166667,1635.333333,23.81916667,NA,NA,NA,NA,NA
7/19/2022 9:43,38.04498167,-121.6962929,8.190833333,97.45833333,1.155,0.2975,6.783333333,7.883333333,1625.916667,23.83416667,NA,NA,NA,NA,NA
7/19/2022 9:44,38.04513681,-121.6960818,8.2025,97.6,1.1775,0.303333333,6.658333333,7.9,1612.083333,23.83083333,NA,NA,NA,NA,NA
7/19/2022 9:45,38.04587694,-121.6954547,8.2,97.6,1.283333333,0.328333333,6.866666667,7.895,1605.833333,23.83083333,NA,NA,NA,NA,NA
7/19/2022 9:46,38.04829306,-121.6941039,8.204166667,97.55,1.295833333,0.335833333,6.841666667,7.91,1543.583333,23.84,NA,NA,NA,NA,NA
7/19/2022 9:47,38.05139403,-121.6912469,8.175,97.21666667,1.275833333,0.3275,6.816666667,7.909166667,1422,23.845,NA,NA,NA,NA,NA
7/19/2022 9:48,38.05423639,-121.6867085,8.144166667,96.91666667,1.213333333,0.311666667,7.025,7.908333333,1331.916667,23.87916667,NA,NA,NA,NA,NA
7/19/2022 9:49,38.05728569,-121.681675,8.131666667,96.86666667,1.1925,0.3075,6.6,7.915,1172.083333,23.9725,NA,NA,NA,NA,NA
7/19/2022 9:50,38.06135944,-121.6775285,8.015,95.78333333,1.1625,0.301666667,5.633333333,7.890833333,947.75,24.17916667,NA,NA,NA,NA,NA
7/19/2022 9:51,38.06637083,-121.6756728,8.109166667,96.74166667,1.253333333,0.321666667,6.425,7.890833333,1139,24.06166667,NA,NA,NA,NA,NA
7/19/2022 9:52,38.07155167,-121.6757712,8.110833333,96.8,1.155,0.296666667,6.416666667,7.909166667,1104.416667,24.06916667,NA,NA,NA,NA,NA
7/19/2022 9:53,38.07641909,-121.6767271,8.108181818,96.75454545,1.159090909,0.299090909,6.490909091,7.905454545,1091.545455,24.07727273,NA,NA,NA,NA,NA
7/19/2022 9:54,38.08130403,-121.6776363,8.098333333,96.61666667,1.14,0.2925,6.533333333,7.9,1071.583333,24.08583333,NA,NA,NA,NA,NA
7/19/2022 9:55,38.08664059,-121.677708,8.093333333,96.60833333,1.19,0.305833333,6.35,7.9,1019.583333,24.12166667,NA,NA,NA,NA,NA
7/19/2022 9:56,38.09175444,-121.676889,8.013333333,95.74166667,1.180833333,0.304166667,6.65,7.865,892.6666667,24.18416667,NA,NA,NA,NA,NA
7/19/2022 9:57,38.09499083,-121.6721567,8.0575,96.21666667,1.255833333,0.3225,6.65,7.86,940.6666667,24.15166667,NA,NA,NA,NA,NA
7/19/2022 9:58,38.09528208,-121.6655453,8.0775,96.50833333,1.285,0.329166667,6.491666667,7.870833333,959.3333333,24.17333333,NA,NA,NA,NA,NA
7/19/2022 9:59,38.0938407,-121.6592969,8.055,96.30833333,1.256666667,0.321666667,6.591666667,7.873333333,935.0833333,24.21666667,NA,NA,NA,NA,NA
7/19/2022 10:00,38.09101722,-121.6537686,7.991666667,95.75833333,1.160833333,0.299166667,6.25,7.855833333,877.5,24.33916667,NA,NA,NA,NA,NA
7/19/2022 10:01,38.08815917,-121.6480707,7.966666667,95.49166667,1.178333333,0.303333333,6.483333333,7.84,870.0833333,24.3525,NA,NA,NA,NA,NA
7/19/2022 10:02,38.08707986,-121.6416442,7.970833333,95.53333333,1.211666667,0.311666667,6.258333333,7.835833333,859.5,24.355,NA,NA,NA,NA,NA
7/19/2022 10:03,38.08914945,-121.6358807,7.9625,95.55,1.3,0.333333333,6.1,7.83,824.1666667,24.42333333,NA,NA,NA,NA,NA
7/19/2022 10:04,38.0932943,-121.6322967,7.878333333,94.65833333,1.1875,0.305,6.05,7.8175,716.0833333,24.51416667,NA,NA,NA,NA,NA
7/19/2022 10:05,38.09758549,-121.6288119,7.8725,94.7,1.229166667,0.315833333,5.791666667,7.796666667,717,24.56666667,NA,NA,NA,NA,NA
7/19/2022 10:06,38.10103639,-121.6238443,7.898333333,95.03333333,1.165833333,0.300833333,5.866666667,7.806666667,729.1666667,24.57,NA,NA,NA,NA,NA
7/19/2022 10:07,38.10273819,-121.6176838,7.861666667,94.6,1.1325,0.291666667,5.958333333,7.801666667,685.3333333,24.60333333,NA,NA,NA,NA,NA
7/19/2022 10:08,38.10322986,-121.6112494,7.85,94.575,1.246666667,0.32,5.641666667,7.795,634.6666667,24.66416667,NA,NA,NA,NA,NA
7/19/2022 10:09,38.10232111,-121.6050482,7.835833333,94.5,1.250833333,0.3225,5.241666667,7.7975,571.5833333,24.7525,NA,NA,NA,NA,NA
7/19/2022 10:10,38.10138187,-121.60108,7.790833333,93.98333333,1.468333333,0.375,5.383333333,7.7725,549.6666667,24.76416667,NA,NA,NA,NA,NA
7/19/2022 10:11,38.10058222,-121.5978046,7.769166667,93.75833333,1.753333333,0.4475,5.383333333,7.763333333,532.1666667,24.76833333,NA,NA,NA,NA,NA
7/19/2022 10:12,38.09971333,-121.5944935,7.7625,93.68333333,1.9575,0.4975,5.375,7.7525,521.25,24.77666667,NA,NA,NA,NA,NA
7/19/2022 10:13,38.09883431,-121.5908351,7.7875,94,2.074166667,0.526666667,5.433333333,7.76,525,24.795,NA,NA,NA,NA,NA
7/19/2022 10:14,38.09766542,-121.5869024,7.814166667,94.425,2.204166667,0.560833333,5.208333333,7.766666667,520.5,24.84416667,NA,NA,NA,NA,NA
7/19/2022 10:15,38.09561903,-121.5813037,7.829166667,94.675,2.201666667,0.559166667,5.191666667,7.77,510.8333333,24.87833333,NA,NA,NA,NA,NA
7/19/2022 10:16,38.0926475,-121.5765568,7.781666667,94.11666667,2.0375,0.518333333,5.283333333,7.758333333,482.5833333,24.89333333,NA,NA,NA,NA,NA
7/19/2022 10:17,38.08822069,-121.5750588,7.735,93.51666667,2.0475,0.520833333,5.575,7.74,482.4166667,24.865,NA,NA,NA,NA,NA
7/19/2022 10:18,38.08362611,-121.5738211,7.775833333,94.03333333,1.981666667,0.505833333,5.133333333,7.744166667,461.0833333,24.89916667,NA,NA,NA,NA,NA
7/19/2022 10:19,38.07946833,-121.5721123,7.794545455,94.34545455,1.809090909,0.461818182,4.718181818,7.74,437.9090909,24.94545455,NA,NA,NA,NA,NA
7/19/2022 10:20,38.07698555,-121.5712307,7.8225,94.76666667,1.628333333,0.415833333,4.533333333,7.74,431.5833333,24.9875,NA,NA,NA,NA,NA
7/19/2022 10:21,38.07507431,-121.5712533,7.826666667,94.825,1.938333333,0.4925,4.916666667,7.745833333,455.9166667,24.99416667,NA,NA,NA,NA,NA
7/19/2022 10:22,38.07356528,-121.5720953,7.753333333,93.80833333,1.541666667,0.394166667,5.641666667,7.799166667,453.75,24.91333333,NA,NA,NA,NA,NA
7/19/2022 10:23,38.07268889,-121.5738638,7.748333333,93.7,1.461666667,0.373333333,5.625,7.778333333,462.0833333,24.89416667,NA,NA,NA,NA,NA
7/19/2022 10:24,38.07206806,-121.5757053,7.759166667,93.85833333,1.3175,0.338333333,5.441666667,7.773333333,460.5833333,24.915,NA,NA,NA,NA,NA
7/19/2022 10:25,38.07131306,-121.5772419,7.7925,94.33333333,1.498333333,0.384166667,5.266666667,7.78,457.4166667,24.95166667,NA,NA,NA,NA,NA
7/19/2022 10:26,38.06949167,-121.5793031,7.8025,94.525,1.51,0.385833333,5.183333333,7.779166667,456.5,24.9825,NA,NA,NA,NA,NA
7/19/2022 10:27,38.06686375,-121.5800783,7.815,94.63333333,1.360833333,0.349166667,5.25,7.7675,450.5,24.97833333,NA,NA,NA,NA,NA
7/19/2022 10:28,38.06413486,-121.580974,7.793333333,94.44166667,1.3125,0.335833333,5.341666667,7.763333333,449.8333333,25.015,NA,NA,NA,NA,NA
7/19/2022 10:29,38.06308514,-121.5839976,7.879166667,95.49166667,1.148333333,0.295833333,5.258333333,7.8075,438.5,25.03416667,NA,NA,NA,NA,NA
7/19/2022 10:30,38.06340361,-121.5875254,8.084166667,98.18333333,1.238333333,0.319166667,4.608333333,8.005833333,435.0833333,25.1325,NA,NA,NA,NA,NA
7/19/2022 10:31,38.06391594,-121.5912233,7.974166667,96.78333333,1.326666667,0.34,4.708333333,8.139166667,450.9166667,25.10416667,NA,NA,NA,NA,NA
7/19/2022 10:32,38.0641707,-121.5951143,8.155,99.04166667,1.2975,0.3325,4.5,8.450833333,484.1666667,25.12,NA,NA,NA,NA,NA
7/19/2022 10:33,38.06329431,-121.5987315,7.9,95.80833333,1.4475,0.370833333,5.058333333,8.116666667,449.0833333,25.0475,NA,NA,NA,NA,NA
7/19/2022 10:34,38.06196722,-121.6009975,7.871666667,95.425,1.401666667,0.359166667,4.883333333,8.0875,451.0833333,25.02833333,NA,NA,NA,NA,NA
7/19/2022 10:35,38.06104375,-121.6029004,7.9075,95.775,1.53,0.390833333,4.9,8.176666667,462.9166667,24.99416667,NA,NA,NA,NA,NA
7/19/2022 10:36,38.05989938,-121.6061563,7.989166667,96.91666667,1.4025,0.358333333,4.716666667,8.256666667,471.3333333,25.05916667,NA,NA,NA,NA,NA
7/19/2022 10:37,38.05866458,-121.6096361,8.0025,97.30833333,1.525833333,0.39,3.908333333,8.339166667,488.6666667,25.19333333,NA,NA,NA,NA,NA
7/19/2022 10:38,38.05802931,-121.6124365,8.013333333,97.56666667,1.256666667,0.324166667,3.616666667,8.295833333,487.6666667,25.25333333,NA,NA,NA,NA,NA
7/19/2022 10:39,38.05819222,-121.614565,8.0025,97.30833333,1.440833333,0.369166667,3.575,8.240833333,483.3333333,25.19,NA,NA,NA,NA,NA
7/19/2022 10:40,38.05928931,-121.6167358,7.873333333,95.65833333,1.383333333,0.355,3.483333333,8.173333333,483.75,25.14333333,NA,NA,NA,NA,NA
7/19/2022 10:41,38.06090472,-121.6193181,7.9275,96.5,1.2725,0.325833333,3.191666667,8.1825,496.5833333,25.24416667,NA,NA,NA,NA,NA
7/19/2022 10:42,38.05993958,-121.6218567,8.105,98.69166667,1.1425,0.294166667,3.133333333,8.2775,507.75,25.27,NA,NA,NA,NA,NA
7/19/2022 10:43,38.05720847,-121.6232404,8.05,97.96666667,1.069166667,0.275833333,3.25,8.263333333,504.4166667,25.24583333,NA,NA,NA,NA,NA
7/19/2022 10:44,38.05460139,-121.6246976,8.109166667,98.675,1.279166667,0.326666667,2.933333333,8.309166667,518.9166667,25.2225,NA,NA,NA,NA,NA
7/19/2022 10:45,38.05260106,-121.6254505,8.1,98.37272727,1.613636364,0.411818182,2.790909091,8.245454545,528.3636364,25.12363636,NA,NA,NA,NA,NA
7/19/2022 10:46,38.05086097,-121.6252385,8.0575,97.83333333,1.346666667,0.346666667,2.816666667,8.188333333,538.1666667,25.1,NA,NA,NA,NA,NA
7/19/2022 10:47,38.04931,-121.6238686,7.890833333,95.61666667,0.97,0.250833333,3.525,8.04,587.5833333,24.985,NA,NA,NA,NA,NA
7/19/2022 10:48,38.04813486,-121.6229971,7.93,95.825,0.931666667,0.240833333,3.475,8.039166667,591.6666667,24.83166667,NA,NA,NA,NA,NA
7/19/2022 10:49,38.04792417,-121.6229826,8.023333333,97.08333333,0.941666667,0.243333333,3.266666667,8.095833333,590,24.9025,NA,NA,NA,NA,NA
7/19/2022 10:50,38.04789597,-121.6228661,7.9475,96.25,0.8625,0.225,3.325,8.064166667,590,24.94666667,NA,NA,NA,NA,NA
7/19/2022 10:51,38.04788444,-121.6228183,8.005,96.95,0.885833333,0.228333333,3.233333333,8.0825,590,24.96833333,NA,NA,NA,NA,NA
7/19/2022 10:52,38.04791847,-121.6227613,8.0275,97.225,0.865833333,0.225,3.225,8.098333333,589.3333333,24.9675,NA,NA,NA,NA,NA
7/19/2022 10:53,38.04793292,-121.6227247,8.016666667,97.09166667,0.895,0.2325,3.275,8.104166667,589.5,24.95333333,NA,NA,NA,NA,NA
7/19/2022 10:54,38.04796333,-121.6228779,7.995833333,96.81666667,0.896666667,0.231666667,3.316666667,8.1,589.1666667,24.93666667,NA,NA,NA,NA,NA
7/19/2022 10:55,38.04832458,-121.6230468,8.01,96.95,0.915,0.2375,3.3,8.095833333,589.8333333,24.93416667,NA,NA,NA,NA,NA
7/19/2022 10:56,38.04854722,-121.6231243,8.159166667,98.65,0.885833333,0.23,3.091666667,8.145,590.4166667,24.86916667,NA,NA,NA,NA,NA
7/19/2022 10:57,38.04909306,-121.6236747,8.050833333,97.21666667,0.865833333,0.226666667,3.308333333,8.114166667,591.5833333,24.7925,NA,NA,NA,NA,NA
7/19/2022 10:58,38.05103986,-121.6252108,7.914166667,95.525,0.951666667,0.246666667,3.583333333,8.0625,591.5,24.78166667,NA,NA,NA,NA,NA
7/19/2022 10:59,38.05383167,-121.6250461,7.984166667,96.73333333,1.3075,0.336666667,3.108333333,8.091666667,560.4166667,24.98333333,NA,NA,NA,NA,NA
7/19/2022 11:00,38.0568475,-121.6236144,8.115833333,98.675,1.396666667,0.3575,2.791666667,8.251666667,525.75,25.1825,NA,NA,NA,NA,NA
7/19/2022 11:01,38.05946722,-121.6220849,8.094166667,98.58333333,1.235,0.3175,3.141666667,8.315833333,508.9166667,25.27166667,NA,NA,NA,NA,NA
7/19/2022 11:02,38.06068028,-121.619455,8.045,97.95,1.41,0.361666667,3.141666667,8.269166667,508.0833333,25.25666667,NA,NA,NA,NA,NA
7/19/2022 11:03,38.0594575,-121.6169329,8.050833333,98.05,1.4225,0.363333333,3.058333333,8.2625,508.0833333,25.27916667,NA,NA,NA,NA,NA
7/19/2022 11:04,38.05854361,-121.615456,7.951666667,96.875,1.286666667,0.331666667,3.391666667,8.200833333,487.0833333,25.285,NA,NA,NA,NA,NA
7/19/2022 11:05,38.05795528,-121.6132926,7.865833333,95.775,1.0025,0.258333333,3.333333333,8.169166667,486.5833333,25.26333333,NA,NA,NA,NA,NA
7/19/2022 11:06,38.05856049,-121.6101148,8.018333333,97.69166667,1.165833333,0.298333333,3.416666667,8.208333333,485.0833333,25.28416667,NA,NA,NA,NA,NA
7/19/2022 11:07,38.05974514,-121.6066711,8.079166667,98.48333333,1.2075,0.311666667,3.616666667,8.295,488.9166667,25.31916667,NA,NA,NA,NA,NA
7/19/2022 11:08,38.0608918,-121.6033574,8.025833333,97.69166667,1.344166667,0.344166667,3.925,8.306666667,485.5833333,25.26,NA,NA,NA,NA,NA
7/19/2022 11:09,38.06195417,-121.6012307,8.2175,100.0083333,1.4125,0.36,4.3,8.341666667,473.5833333,25.2475,NA,NA,NA,NA,NA
7/19/2022 11:10,38.06304153,-121.599336,7.975833333,96.85,1.614166667,0.4125,4.8,8.2075,456.9166667,25.11333333,NA,NA,NA,NA,NA
7/19/2022 11:11,38.06402758,-121.5971474,7.925454545,96.20909091,1.55,0.395454545,4.809090909,8.145454545,453,25.11090909,NA,NA,NA,NA,NA
7/19/2022 11:12,38.06414215,-121.5936526,7.930833333,96.26666667,1.433333333,0.3675,4.858333333,8.145833333,454.1666667,25.09416667,NA,NA,NA,NA,NA
7/19/2022 11:13,38.06355389,-121.5898293,8.303333333,100.9166667,1.4825,0.38,4.133333333,8.533333333,493.25,25.1625,NA,NA,NA,NA,NA
7/19/2022 11:14,38.06200597,-121.5863692,8.9975,109.5333333,1.3025,0.334166667,3.641666667,8.8875,528,25.25083333,NA,NA,NA,NA,NA
7/19/2022 11:15,38.05995097,-121.5836339,9.036666667,109.8916667,1.555833333,0.396666667,3.866666667,8.706666667,472.75,25.19916667,NA,NA,NA,NA,NA
7/19/2022 11:16,38.05775153,-121.5825901,8.6075,104.8333333,1.469166667,0.375,4.533333333,8.260833333,430.75,25.2925,NA,NA,NA,NA,NA
7/19/2022 11:17,38.05562783,-121.5822354,8.356666667,101.6166667,1.475,0.376666667,4.775,8.266666667,448.8333333,25.20833333,NA,NA,NA,NA,NA
7/19/2022 11:18,38.05267875,-121.5819186,8.195,99.875,1.5175,0.3875,4.716666667,8.143333333,440.6666667,25.32333333,NA,NA,NA,NA,NA
7/19/2022 11:19,38.04808375,-121.5824642,8.348333333,101.875,1.594166667,0.4075,4.633333333,8.216666667,436.1666667,25.37916667,NA,NA,NA,NA,NA
7/19/2022 11:20,38.04259917,-121.583511,7.905833333,96.475,1.510833333,0.385,4.641666667,7.899166667,410.25,25.385,NA,NA,NA,NA,NA
7/19/2022 11:21,38.03740472,-121.5840287,7.9225,96.6,1.445833333,0.370833333,4.758333333,7.889166667,414.6666667,25.34833333,NA,NA,NA,NA,NA
7/19/2022 11:22,38.03336972,-121.5822586,7.895,96.21666667,1.491666667,0.381666667,4.775,7.875833333,413.5,25.32583333,NA,NA,NA,NA,NA
7/19/2022 11:23,38.03123806,-121.581931,7.905833333,96.45833333,1.64,0.420833333,4.883333333,7.908333333,423.8333333,25.38916667,NA,NA,NA,NA,NA
7/19/2022 11:24,38.0294025,-121.5837543,8.115,98.95,1.5925,0.408333333,4.95,7.999166667,446.5833333,25.3575,NA,NA,NA,NA,NA
7/19/2022 11:25,38.02649375,-121.5836351,8.248333333,100.5833333,2.335833333,0.5925,6.3,8.13,583.0833333,25.33,NA,NA,NA,NA,NA
7/19/2022 11:26,38.02365805,-121.583115,8.283333333,101.175,2.439166667,0.615833333,6.5,8.19,603.1666667,25.41333333,NA,NA,NA,NA,NA
7/19/2022 11:27,38.02207583,-121.5828,8.16,99.51666667,2.214166667,0.5625,6.108333333,8.135,560.0833333,25.3475,NA,NA,NA,NA,NA
7/19/2022 11:28,38.02098243,-121.5826304,8.040833333,97.96666667,2.155833333,0.5475,6.125,8.075833333,553.5,25.29333333,NA,NA,NA,NA,NA
7/19/2022 11:29,38.01975986,-121.5824572,7.996666667,97.41666667,2.3125,0.5875,6.2,8.04,560.1666667,25.28,NA,NA,NA,NA,NA
7/19/2022 11:30,38.01755083,-121.5821175,8.090833333,98.74166667,2.475833333,0.6275,6.041666667,8.060833333,564.0833333,25.36833333,NA,NA,NA,NA,NA
7/19/2022 11:31,38.01499,-121.5816956,8.225833333,100.575,2.7225,0.69,6.083333333,8.119166667,582.3333333,25.47833333,NA,NA,NA,NA,NA
7/19/2022 11:32,38.01241884,-121.5812392,7.821666667,95.59166667,2.290833333,0.581666667,4.608333333,7.959166667,529.8333333,25.46,NA,NA,NA,NA,NA
7/19/2022 11:33,38.01045444,-121.5809406,7.778333333,95.1,2.383333333,0.603333333,4.8,7.874166667,532.0833333,25.47416667,NA,NA,NA,NA,NA
7/19/2022 11:34,38.00914125,-121.5807874,7.999166667,97.725,2.610833333,0.661666667,5.633333333,7.988333333,549.8333333,25.44166667,NA,NA,NA,NA,NA
7/19/2022 11:35,38.00696153,-121.5802618,8.1125,99.175,2.8,0.709166667,5.691666667,8.050833333,556.8333333,25.4875,NA,NA,NA,NA,NA
7/19/2022 11:36,38.0039932,-121.5801271,7.951666667,97.38333333,2.395,0.608333333,5.433333333,7.974166667,546.8333333,25.565,NA,NA,NA,NA,NA
7/19/2022 11:37,38.00113341,-121.5800698,7.745454545,94.97272727,2.168181818,0.551818182,4.936363636,7.859090909,539,25.63909091,NA,NA,NA,NA,NA
7/19/2022 11:38,37.99826153,-121.5799663,7.654166667,93.74166667,1.961666667,0.499166667,5.275,7.83,541.6666667,25.565,NA,NA,NA,NA,NA
7/19/2022 11:39,37.99523764,-121.5799058,8.024166667,98.36666667,2.340833333,0.595,5.7,7.975833333,556.6666667,25.63416667,NA,NA,NA,NA,NA
7/19/2022 11:40,37.99229917,-121.580526,8.075833333,99.225,2.510833333,0.6375,5.383333333,8.015833333,555.75,25.75583333,NA,NA,NA,NA,NA
7/19/2022 11:41,37.98935458,-121.5812346,7.984166667,98.15833333,2.36,0.598333333,5.291666667,7.95,554.8333333,25.78,NA,NA,NA,NA,NA
7/19/2022 11:42,37.98647597,-121.5817647,8.084166667,99.475,2.556666667,0.648333333,5.491666667,7.9925,559.4166667,25.83333333,NA,NA,NA,NA,NA
7/19/2022 11:43,37.98383059,-121.5822032,8.016666667,98.76666667,2.561666667,0.6475,5.35,7.97,560.25,25.89833333,NA,NA,NA,NA,NA
7/19/2022 11:44,37.9820432,-121.5819681,7.465,91.65,1.945,0.494166667,5.241666667,7.745833333,553.3333333,25.71166667,NA,NA,NA,NA,NA
7/19/2022 11:45,37.98040153,-121.5813579,7.446666667,91.45,2.153333333,0.546666667,5.075,7.690833333,554.4166667,25.72166667,NA,NA,NA,NA,NA
7/19/2022 11:46,37.97886667,-121.5810461,7.648333333,94.00833333,2.046666667,0.521666667,5.341666667,7.755833333,559.9166667,25.7625,NA,NA,NA,NA,NA
7/19/2022 11:47,37.97749764,-121.5807986,7.508333333,92.10833333,1.845,0.469166667,5.575,7.739166667,558.5,25.65666667,NA,NA,NA,NA,NA
7/19/2022 11:48,37.97722292,-121.5806637,7.480833333,91.825,1.9925,0.506666667,5.425,7.709166667,557.9166667,25.68666667,NA,NA,NA,NA,NA
7/19/2022 11:49,37.97738278,-121.5808003,7.425,91.08333333,1.904166667,0.484166667,5.408333333,7.68,556,25.655,NA,NA,NA,NA,NA
7/19/2022 11:50,37.97747958,-121.5807857,7.456666667,91.525,1.898333333,0.484166667,5.458333333,7.684166667,558.6666667,25.6925,NA,NA,NA,NA,NA
7/19/2022 11:51,37.97754028,-121.5807822,7.513333333,92.34166667,1.878333333,0.478333333,5.516666667,7.705,560,25.76166667,NA,NA,NA,NA,NA
7/19/2022 11:52,37.97758361,-121.5807937,7.541666667,92.71666667,1.9325,0.491666667,5.525,7.7125,560.8333333,25.775,NA,NA,NA,NA,NA
7/19/2022 11:53,37.97758903,-121.5807887,7.53,92.56666667,1.959166667,0.498333333,5.483333333,7.72,560,25.77083333,NA,NA,NA,NA,NA
7/19/2022 11:54,37.97736333,-121.5806972,7.494166667,92.13333333,1.946666667,0.494166667,5.341666667,7.7075,559.25,25.77333333,NA,NA,NA,NA,NA
7/19/2022 11:55,37.97665611,-121.5803165,7.636666667,93.93333333,2.155833333,0.545833333,5.258333333,7.736666667,559.5,25.79583333,NA,NA,NA,NA,NA
7/19/2022 11:56,37.97607445,-121.579755,7.940833333,97.95,2.295833333,0.583333333,5.058333333,7.864166667,559,25.96666667,NA,NA,NA,NA,NA
7/19/2022 11:57,37.97550972,-121.5792543,7.895,97.55,2.428333333,0.616666667,4.908333333,7.860833333,557.5833333,26.04416667,NA,NA,NA,NA,NA
7/19/2022 11:58,37.97497042,-121.5786979,7.6575,94.61666667,2.5975,0.656666667,4.591666667,7.754166667,555.1666667,26.055,NA,NA,NA,NA,NA
7/19/2022 11:59,37.9744775,-121.5780601,7.4675,92.21666667,2.275,0.578333333,4.441666667,7.653333333,557.3333333,26.0375,NA,NA,NA,NA,NA
7/19/2022 12:00,37.97405653,-121.577359,7.4075,91.20833333,2.048333333,0.5225,4.858333333,7.638333333,558.25,25.87166667,NA,NA,NA,NA,NA
7/19/2022 12:01,37.97366236,-121.5766396,7.499166667,92.3,2.003333333,0.51,4.95,7.6775,558.3333333,25.84,NA,NA,NA,NA,NA
7/19/2022 12:02,37.97319903,-121.5759447,7.520833333,92.66666667,2.033333333,0.515833333,4.65,7.69,556.8333333,25.90416667,NA,NA,NA,NA,NA
7/19/2022 12:03,37.97278604,-121.5752898,7.359090909,90.62727273,1.843636364,0.470909091,4.418181818,7.654545455,554.5454545,25.87818182,NA,NA,NA,NA,NA
7/19/2022 12:04,37.97239375,-121.5745872,7.185833333,88.225,1.6475,0.42,4.75,7.606666667,553.8333333,25.68916667,NA,NA,NA,NA,NA
7/19/2022 12:05,37.97183236,-121.5741728,7.439166667,91.68333333,2.428333333,0.615833333,4.425,7.635833333,554.25,25.9275,NA,NA,NA,NA,NA
7/19/2022 12:06,37.97121542,-121.5738821,7.468333333,92.23333333,2.43,0.616666667,4.366666667,7.648333333,554,26.02083333,NA,NA,NA,NA,NA
7/19/2022 12:07,37.97058847,-121.5735312,7.459166667,92.04166667,2.541666667,0.644166667,4.341666667,7.64,554.1666667,25.9975,NA,NA,NA,NA,NA
7/19/2022 12:08,37.97003306,-121.5729285,7.451666667,92.19166667,2.429166667,0.616666667,4.225,7.64,553.8333333,26.13666667,NA,NA,NA,NA,NA
7/19/2022 12:09,37.96977172,-121.5732131,7.348333333,90.8,2.301666667,0.585,4.216666667,7.6075,551.5833333,26.05166667,NA,NA,NA,NA,NA
7/19/2022 12:10,37.96979195,-121.5734144,7.451666667,92.28333333,2.355833333,0.596666667,4.183333333,7.6275,554,26.185,NA,NA,NA,NA,NA
7/19/2022 12:11,37.96975847,-121.5733376,7.484166667,92.81666667,2.381666667,0.604166667,4.133333333,7.65,555,26.25583333,NA,NA,NA,NA,NA
7/19/2022 12:12,37.96971764,-121.5732801,7.5,93.05,2.61,0.660833333,4.116666667,7.65,555,26.2825,NA,NA,NA,NA,NA
7/19/2022 12:13,37.96968847,-121.5732468,7.4875,92.86666667,2.83,0.715833333,4.15,7.65,554.5,26.26416667,NA,NA,NA,NA,NA
7/19/2022 12:14,37.96966333,-121.573182,7.4825,92.80833333,2.823333333,0.711666667,4.116666667,7.65,554,26.26166667,NA,NA,NA,NA,NA
7/19/2022 12:15,37.96962695,-121.5732793,7.475,92.74166667,2.780833333,0.704166667,4.133333333,7.6525,554.1666667,26.27333333,NA,NA,NA,NA,NA
7/19/2022 12:16,37.96959972,-121.5732206,7.446666667,92.33333333,2.7275,0.689166667,4.1,7.6425,555.5833333,26.25583333,NA,NA,NA,NA,NA
7/19/2022 12:17,37.96967236,-121.5732294,7.448333333,92.35833333,2.621666667,0.664166667,4.025,7.64,555.9166667,26.265,NA,NA,NA,NA,NA
7/19/2022 12:18,37.97039028,-121.5735019,7.4575,92.48333333,2.840833333,0.719166667,4.016666667,7.64,556.25,26.26416667,NA,NA,NA,NA,NA
7/19/2022 12:19,37.97166611,-121.5739742,7.431666667,91.98333333,3.04,0.77,4.225,7.64,553.75,26.1575,NA,NA,NA,NA,NA
7/19/2022 12:20,37.97299458,-121.5753513,7.44,91.93333333,2.881666667,0.729166667,4.291666667,7.643333333,553.6666667,26.06583333,2.5,7.43,0.77,0.71,11.41
7/19/2022 12:21,37.97410681,-121.5770299,7.461666667,92.11666667,3.095,0.781666667,4.433333333,7.646666667,553.75,26.00916667,2.61,8.03,0.67,0.79,12.1
7/19/2022 12:22,37.97501292,-121.5784386,7.501666667,92.59166667,2.760833333,0.698333333,4.508333333,7.665,555.0833333,25.99083333,2.6,9.05,0.48,0.77,12.9
7/19/2022 12:23,37.97570472,-121.5794104,7.546666667,93.10833333,2.669166667,0.675833333,4.65,7.69,556.6666667,25.97,2.46,9.25,0.35,0.68,12.73
7/19/2022 12:24,37.97641313,-121.5801839,7.516666667,92.63333333,2.618333333,0.661666667,4.65,7.685,556.25,25.9075,2.55,9.26,0.29,0.67,12.77
7/19/2022 12:25,37.97750208,-121.5808104,7.544166667,93.06666667,2.581666667,0.6525,4.708333333,7.684166667,557,25.95666667,2.43,9.08,0.35,0.57,12.43
7/19/2022 12:26,37.97966208,-121.5811854,7.440833333,91.61666667,2.399166667,0.609166667,5.183333333,7.663333333,559.0833333,25.84083333,2.35,9.54,0.26,0.54,12.69
7/19/2022 12:27,37.98203139,-121.5819201,7.496666667,92.21666667,2.371666667,0.600833333,5.308333333,7.689166667,559.25,25.8075,2.19,9.99,0.13,0.5,12.82
7/19/2022 12:28,37.98454153,-121.5821089,7.460833333,91.65,2.393333333,0.606666667,5.45,7.695833333,556.75,25.74333333,2.16,9.75,0.14,0.52,12.57
7/19/2022 12:29,37.98712367,-121.5817777,7.369090909,90.50909091,2.355454545,0.598181818,5.736363636,7.666363636,554.2727273,25.71545455,2,9.59,0.14,0.49,12.21
7/19/2022 12:30,37.98978806,-121.5812481,7.443333333,91.41666667,2.2575,0.573333333,5.616666667,7.6825,555.1666667,25.7325,2.29,10.66,0.11,0.58,13.64
7/19/2022 12:31,37.99262778,-121.5804453,7.543333333,92.75,2.469166667,0.626666667,5.791666667,7.7225,555.5,25.77833333,2.33,11.88,0.09,0.6,14.9
7/19/2022 12:32,37.99550514,-121.579921,7.886666667,96.98333333,2.478333333,0.628333333,5.908333333,7.864166667,560.3333333,25.79166667,2.44,14.58,0.01,0.69,17.72
7/19/2022 12:33,37.99827697,-121.5800579,8.072727273,99.17272727,2.631818182,0.666363636,6.163636364,7.989090909,559.5454545,25.73363636,2.58,15.45,0,0.76,18.8
7/19/2022 12:34,38.0006495,-121.5801087,7.979,97.97,2.712,0.686,5.82,7.965,551.4,25.728,2.49,12.5,0.03,0.78,15.81
7/19/2022 12:35,38.00193431,-121.5800849,7.831666667,96.29166667,2.568333333,0.65,5.216666667,7.88,541.4166667,25.77416667,2.47,11.2,0.2,0.71,14.58
7/19/2022 12:36,38.00412333,-121.5799588,7.814166667,96.04166667,2.4975,0.631666667,5.158333333,7.853333333,541.3333333,25.775,2.53,11.83,0.16,0.71,15.23
7/19/2022 12:37,38.00667945,-121.5801935,7.869166667,96.68333333,2.6225,0.663333333,5.375,7.881666667,544.8333333,25.7525,2.58,13.26,0.03,0.83,16.7
7/19/2022 12:38,38.00950472,-121.5806122,8.076666667,99.18333333,2.869166667,0.725833333,5.958333333,7.993333333,553.5833333,25.7275,2.47,14.38,0,0.75,17.6
7/19/2022 12:39,38.01243819,-121.5810954,7.826666667,95.89166667,2.414166667,0.611666667,5.866666667,7.920833333,547.8333333,25.59916667,2.25,13.01,0,0.61,15.87
7/19/2022 12:40,38.01538445,-121.581641,7.730833333,94.68333333,2.326666667,0.59,5.641666667,7.875,545.25,25.5725,2.3,12.37,0.03,0.63,15.32
7/19/2022 12:41,38.01805569,-121.5820936,7.706666667,94.39166667,2.446666667,0.621666667,5.416666667,7.8525,542.1666667,25.57833333,2.26,12.02,0.04,0.61,14.93
7/19/2022 12:42,38.01978792,-121.582305,7.7725,95.1,2.274166667,0.575833333,5.591666667,7.880833333,546.5,25.52083333,2.25,13.6,0,0.68,16.53
7/19/2022 12:43,38.02127055,-121.5826331,7.8575,96.11666667,2.3775,0.603333333,5.758333333,7.935833333,548.8333333,25.49916667,2.18,14.46,0.02,0.6,17.26
7/19/2022 12:44,38.02314,-121.5829384,7.875,96.23333333,2.414166667,0.611666667,5.891666667,7.961666667,551.8333333,25.445,2.27,14.27,0,0.55,17.08
7/19/2022 12:45,38.02521028,-121.5832733,7.824166667,95.58333333,2.501666667,0.633333333,5.775,7.939166667,544.9166667,25.42916667,2.26,13.16,0,0.61,16.04
7/19/2022 12:46,38.02748056,-121.5836121,7.803333333,95.29166667,2.4975,0.6325,5.75,7.920833333,542.9166667,25.39916667,2.3,13.16,0.01,0.6,16.07
7/19/2022 12:47,38.02971042,-121.5836642,7.796666667,95.11666667,2.384166667,0.605833333,5.941666667,7.9225,546.5833333,25.3625,2.07,13.94,0,0.51,16.51
7/19/2022 12:48,38.03114208,-121.5820156,7.833333333,95.475,2.395833333,0.606666667,6.591666667,7.963333333,551.9166667,25.31333333,1.97,15.78,0,0.4,18.15
7/19/2022 12:49,38.032885,-121.5819268,8.061666667,98.40833333,2.3225,0.59,6.375,8.0525,558.1666667,25.405,2.12,15.91,0,0.43,18.46
7/19/2022 12:50,38.03551573,-121.5835405,8.354166667,102.1166667,2.14,0.543333333,5.8,8.161666667,521,25.475,1.8,10.02,0.08,0.54,12.44
7/19/2022 12:51,38.03879542,-121.5840744,7.965833333,97.025,1.865,0.475833333,5.65,8.049166667,459.25,25.27916667,1.43,6.21,0.44,0.46,8.53
7/19/2022 12:52,38.04188139,-121.5837706,8.01,97.8,2.093333333,0.530833333,5.191666667,8.0225,439.8333333,25.43,1.78,4.93,0.82,0.66,8.19
7/19/2022 12:53,38.04469805,-121.5830724,8.0575,98.65833333,2.0425,0.518333333,4.691666667,7.981666667,422.8333333,25.57833333,1.76,4.2,0.91,0.54,7.41
7/19/2022 12:54,38.04738319,-121.5824486,7.981666667,97.575,1.6325,0.415833333,4.608333333,7.941666667,420.5,25.48666667,1.6,4.01,0.62,0.32,6.56
7/19/2022 12:55,38.05007,-121.5819173,7.890909091,96.16363636,1.504545455,0.384545455,4.627272727,7.9,418.0909091,25.33545455,1.52,3.75,0.57,0.24,6.08
7/19/2022 12:56,38.05325069,-121.581621,7.914166667,96.53333333,1.653333333,0.423333333,4.775,7.8875,417.75,25.3725,1.48,3.7,0.63,0.28,6.1
7/19/2022 12:57,38.05803917,-121.5820272,7.978333333,97.5,1.6675,0.424166667,4.766666667,7.903333333,421.25,25.46833333,1.46,4.09,0.69,0.29,6.53
7/19/2022 12:58,38.06334444,-121.5808732,8.283333333,101.225,1.734166667,0.443333333,5.016666667,8.165833333,435.9166667,25.4675,1.79,10.76,0.06,0.31,12.92
7/19/2022 12:59,38.06842375,-121.5794871,8.626666667,105.4666667,1.685,0.43,5.05,8.411666667,446,25.4925,1.56,8.24,0.13,0.36,10.29
7/19/2022 13:00,38.07187347,-121.5749344,8.275833333,101.05,1.8,0.458333333,5.841666667,8.213333333,438.4166667,25.43,1.47,6.36,0.37,0.33,8.53
7/19/2022 13:01,38.07331944,-121.5717193,8.298333333,101.2333333,1.648333333,0.420833333,5.708333333,8.194166667,440.6666667,25.3825,1.4,6.24,0.3,0.3,8.24
7/19/2022 13:02,38.07564972,-121.5707135,8.315833333,101.4083333,1.675833333,0.428333333,5.633333333,8.21,436.8333333,25.36583333,1.22,5.95,0.35,0.27,7.79
7/19/2022 13:03,38.07933305,-121.5720796,8.485833333,103.5333333,1.525,0.39,5.908333333,8.409166667,461.1666667,25.37666667,1.03,4.92,0.51,0.24,6.7
7/19/2022 13:04,38.08447347,-121.5733842,8.269166667,100.8083333,1.590833333,0.405833333,5.741666667,8.205833333,437.9166667,25.34916667,1.21,4.06,0.54,0.24,6.03
7/19/2022 13:05,38.08940986,-121.5744732,8.019166667,97.65,1.624166667,0.415,5.125,7.945,413.5833333,25.2825,1.34,3.01,0.62,0.26,5.23
7/19/2022 13:06,38.09403847,-121.5767131,7.9175,96.38333333,1.718333333,0.4375,4.983333333,7.839166667,403.25,25.26,1.47,2.71,0.67,0.29,5.14
7/19/2022 13:07,38.09710458,-121.5815224,7.876666667,95.84166667,1.675,0.429166667,5.041666667,7.7875,399.1666667,25.25,1.29,2.66,0.68,0.23,4.87
7/19/2022 13:08,38.09871083,-121.5874535,7.86,95.53333333,1.591666667,0.408333333,5.25,7.775833333,411.75,25.17833333,1.25,2.51,0.67,0.23,4.66
7/19/2022 13:09,38.10009514,-121.5935088,7.854166667,95.44166667,1.776666667,0.4525,5.25,7.756666667,418.4166667,25.15333333,1.29,2.46,0.75,0.23,4.73
7/19/2022 13:10,38.10165222,-121.5994578,7.854166667,95.425,1.725833333,0.440833333,5.266666667,7.749166667,417.5833333,25.13833333,1.22,2.35,0.75,0.23,4.55
7/19/2022 13:11,38.10284875,-121.6056561,7.8325,95.09166667,1.669166667,0.425833333,5.583333333,7.74,414.25,25.11333333,1.15,2.45,0.85,0.17,4.63
7/19/2022 13:12,38.10323722,-121.6118764,7.800833333,94.65833333,1.649166667,0.420833333,6.125,7.736666667,411.0833333,25.1,1.1,2.43,0.77,0.16,4.45
7/19/2022 13:13,38.10282264,-121.6181022,7.795833333,94.59166667,1.730833333,0.441666667,6.033333333,7.7225,417.3333333,25.085,1.1,2.28,0.84,0.15,4.37
7/19/2022 13:14,38.10124819,-121.6240286,7.8,94.59166667,1.919166667,0.4875,5.816666667,7.7125,441,25.05333333,1.1,2.27,0.9,0.15,4.42
7/19/2022 13:15,38.09821486,-121.6287096,7.785,94.36666667,1.833333333,0.465833333,6.075,7.7075,459.9166667,25.01583333,1.1,2.22,0.83,0.21,4.36
7/19/2022 13:16,38.09389036,-121.6315164,7.7725,94.125,1.689166667,0.43,6.408333333,7.7,485.5833333,24.97333333,1.19,2.27,0.87,0.2,4.54
7/19/2022 13:17,38.08965778,-121.6346875,7.789166667,94.35,1.810833333,0.461666667,6.1,7.71,501.9166667,24.975,1.25,2.3,0.95,0.25,4.74
7/19/2022 13:18,38.08740833,-121.6401572,7.863333333,95.375,1.925,0.49,5.225,7.719166667,483.5833333,25.06,1.36,2.2,0.91,0.29,4.76
7/19/2022 13:19,38.0882425,-121.6462193,7.8325,94.86666667,1.9725,0.5025,6.325,7.72,526.25,24.97666667,1.03,2.28,0.98,0.13,4.42
7/19/2022 13:20,38.09077028,-121.6515529,7.804166667,94.35833333,1.8725,0.476666667,6.858333333,7.724166667,572,24.8675,1.03,2.22,0.96,0.16,4.36
7/19/2022 13:21,38.09340534,-121.6565183,7.81,94.4,1.867272727,0.476363636,6.836363636,7.724545455,589.2727273,24.84,1.12,2.19,0.95,0.17,4.43
7/19/2022 13:22,38.09535181,-121.6619872,7.831666667,94.65833333,1.94,0.495,6.483333333,7.734166667,605.75,24.83916667,1.14,2.25,1.02,0.18,4.59
7/19/2022 13:23,38.09580764,-121.6682581,7.853333333,94.89166667,2.071666667,0.525,6.508333333,7.741666667,620.5833333,24.83666667,1.17,2.27,1,0.18,4.64
7/19/2022 13:24,38.09450458,-121.6742813,7.865,95.03333333,2.06,0.524166667,6.841666667,7.7475,649.0833333,24.8075,1.13,2.21,0.99,0.19,4.52
7/19/2022 13:25,38.09103375,-121.6784318,7.873333333,95.025,2.099166667,0.5325,7.216666667,7.74,689.4166667,24.7525,1.15,2.2,1,0.18,4.54
7/19/2022 13:26,38.08624781,-121.6793256,7.9,95.31666667,2.09,0.529166667,6.9,7.748333333,711.1666667,24.73083333,1.27,2.27,1.15,0.18,4.87
7/19/2022 13:27,38.08131861,-121.6782133,7.954166667,96.075,2.141666667,0.544166667,6.35,7.771666667,707.6666667,24.8,1.42,2.37,1.07,0.27,5.13
7/19/2022 13:28,38.07636764,-121.6772867,7.954166667,96.03333333,2.076666667,0.53,6.866666667,7.78,730.25,24.7625,1.26,2.23,1.1,0.22,4.81
7/19/2022 13:29,38.0713132,-121.6770293,7.940833333,95.75,2.079166667,0.528333333,7.2,7.78,746.1666667,24.70333333,1.27,2.27,1.09,0.21,4.84
7/19/2022 13:30,38.06619361,-121.6775621,7.95,95.78333333,2.156666667,0.5475,7.45,7.78,780.6666667,24.64166667,1.27,2.23,1.15,0.17,4.82
7/19/2022 13:31,38.06130403,-121.6790177,7.9775,96.01666667,2.158333333,0.5475,7.333333333,7.781666667,815.5833333,24.59333333,1.32,2.31,1.22,0.15,5
7/19/2022 13:32,38.05730524,-121.6826314,8.001666667,96.28333333,2.1225,0.54,7.233333333,7.790833333,848.5,24.555,1.37,2.24,1.18,0.18,4.98
7/19/2022 13:33,38.05436042,-121.6876893,8.018333333,96.40833333,1.97,0.500833333,7.175,7.8,875.5833333,24.51083333,1.36,2.22,1.2,0.18,4.96
7/19/2022 13:34,38.05043208,-121.6915233,8.034166667,96.50833333,2.035,0.515833333,7.258333333,7.81,896.75,24.47416667,1.32,2.19,1.21,0.15,4.88
7/19/2022 13:35,38.04613653,-121.6946225,8.034166667,96.45833333,1.945833333,0.495,7.516666667,7.814166667,917.0833333,24.4425,1.18,2.07,1.15,0.12,4.52
7/19/2022 13:36,38.04223694,-121.6981922,8.053333333,96.64166667,1.905833333,0.485833333,7.6,7.820833333,934.6666667,24.40666667,1.23,2.2,1.3,0.12,4.85
7/19/2022 13:37,38.03883097,-121.7025254,8.085,96.95,1.935833333,0.490833333,7.458333333,7.830833333,959.1666667,24.355,NA,NA,NA,NA,NA
7/19/2022 13:38,38.03608195,-121.7073585,8.1225,97.31666667,2.005833333,0.509166667,7.408333333,7.84,975.1666667,24.32083333,NA,NA,NA,NA,NA
7/19/2022 13:39,38.03478486,-121.7130244,8.12,97.3,2.089166667,0.531666667,8.3,7.84,972.9166667,24.32166667,NA,NA,NA,NA,NA
7/19/2022 13:40,38.03368083,-121.7188903,8.1175,97.225,2.020833333,0.513333333,8.4,7.845,993.5,24.2925,1.41,2.23,1.28,0.12,5.04
7/19/2022 13:41,38.03227264,-121.7248076,8.110833333,97.10833333,1.9825,0.504166667,7.983333333,7.84,1002.333333,24.2775,1.37,2.21,1.3,0.1,4.99
7/19/2022 13:42,38.03021986,-121.7305227,8.125833333,97.275,2.014166667,0.511666667,7.775,7.841666667,1043,24.25916667,1.37,2.25,1.2,0.18,5.01
7/19/2022 13:43,38.02862264,-121.7351908,8.148333333,97.49166667,2.091666667,0.53,7.733333333,7.853333333,1091.25,24.22916667,1.49,2.15,1.22,0.2,5.06
7/19/2022 13:44,38.02761681,-121.7391883,8.165,97.65,2.121666667,0.538333333,8.041666667,7.86,1149.583333,24.19083333,1.48,2.21,1.32,0.15,5.15
7/19/2022 13:45,38.02686361,-121.743265,8.171666667,97.71666667,2.063333333,0.523333333,8.241666667,7.86,1194.833333,24.17,1.44,2.17,1.39,0.11,5.11
7/19/2022 13:46,38.02596625,-121.7472476,8.241666667,98.35833333,2.4325,0.616666667,98.03333333,7.861666667,567.0833333,24.16416667,NA,NA,NA,NA,NA
7/19/2022 13:47,38.02481485,-121.7501021,8.365454545,99.7,2.433636364,0.618181818,186.1454545,7.884545455,7.909090909,24.17545455,NA,NA,NA,NA,NA
7/19/2022 13:48,38.02428361,-121.7519889,8.380833333,99.91666667,2.531666667,0.6425,194.2583333,7.879166667,7,24.18916667,NA,NA,NA,NA,NA
7/19/2022 13:49,38.02298389,-121.7527782,8.39,100.0083333,2.5325,0.6425,189.2666667,7.860833333,7,24.20416667,NA,NA,NA,NA,NA
7/19/2022 13:50,38.0220482,-121.7531207,8.39,100.0083333,2.554166667,0.646666667,201.425,7.875833333,7,24.21916667,NA,NA,NA,NA,NA
7/19/2022 13:51,38.02068333,-121.7525614,8.383333333,100.025,2.52,0.639166667,189.25,7.891666667,7,24.23583333,NA,NA,NA,NA,NA
7/19/2022 13:52,38.01959833,-121.7523851,8.38,100.025,2.591666667,0.655,190.1583333,7.900833333,7,24.25416667,NA,NA,NA,NA,NA
7/19/2022 13:53,38.01878958,-121.7523815,8.38,100.0583333,2.645833333,0.67,191.7666667,7.903333333,6.333333333,24.27083333,0,1.05,0,0,1.05
7/19/2022 13:54,38.01808264,-121.7524292,8.38,100.05,2.65,0.671666667,187.8916667,7.91,6,24.28916667,0,1.05,0,0,1.05
7/19/2022 13:55,38.01788819,-121.7527854,8.38,100.1,2.6,0.658333333,187.0416667,7.910833333,6,24.3075,NA,NA,NA,NA,NA
7/19/2022 13:56,38.01789431,-121.7533194,8.38,100.1,2.575,0.6525,183.4,7.9125,6,24.32583333,NA,NA,NA,NA,NA
7/19/2022 13:57,38.01790139,-121.7533704,8.38,100.1416667,2.575833333,0.6525,186.6,7.92,6,24.345,NA,NA,NA,NA,NA
7/19/2022 13:58,38.017894,-121.753415,8.38,100.2,2.626,0.665,188.68,7.919,6,24.362,NA,NA,NA,NA,NA
