"(Intercept)","CVPSWPs","OUTms","Outs","SACms","SACs","SJRms","SJRs","Temp","X2s","df","logLik","BIC","delta","weight"
5.90571390828638,-2.54927472166592,NA,-1.75133425725477,-1.6751762419365,5.32395845452992,0.808329424761666,NA,0.75292322861961,2.20330707606188,11,-808.948720664349,1683.35450940716,0,0.243933983027589
5.66777994090128,-2.65323419530766,NA,-1.79471981990378,-1.84213300978149,5.58791278461252,0.932881442312083,NA,NA,2.20927370045329,10,-812.577276905246,1684.66097933637,1.3064699292072,0.126933415645797
5.79640430536288,-2.5481271498357,1.191043009538,-1.78284016596892,-2.10693579685775,5.3284871382575,NA,NA,0.731140120148643,2.22457250436014,11,-809.805932568973,1685.06893321641,1.71442380924805,0.103511811058151
6.14435239691531,-2.43884427788331,-2.76945300026273,-1.55289091036077,NA,4.98368373717763,2.22346236629243,NA,0.881660534891697,2.52451880105193,11,-809.987571950566,1685.4322119796,2.07770257243419,0.0863187069495125
5.71225553858354,-1.98971158677862,NA,-1.3889135923678,-1.51407043556373,4.38048376138702,0.909389340151711,-1.15863308217596,0.914638046771009,2.09606180882488,12,-807.123344304839,1685.65439924073,2.2998898335677,0.0772427229880454
5.54598440732432,-2.6606395376078,1.45295172117906,-1.84528634163398,-2.43570516773697,5.62221579862371,NA,NA,NA,2.20701309243558,10,-813.103968572523,1685.71436267092,2.35985326376067,0.0749612261691302
5.89329629675862,-2.33614413416092,NA,-1.51327053504739,-0.661743565563673,4.70133549758753,NA,NA,0.886967999559107,2.60976169173748,10,-813.151142613905,1685.80871075369,2.45420134652522,0.0715071149157136
5.91218767924527,-1.85060035924993,-2.52050665533208,-1.18475229638034,NA,4.01023004167684,2.21719003983651,-1.2449486646266,1.03261093259727,2.36278677566564,12,-807.853949750184,1687.11561013142,3.76110072425831,0.0372014323731868
5.59171520960684,-1.68886279415207,NA,-1.1069253810714,NA,3.63713842649444,NA,-1.37571837468561,1.0200596996812,3.03809173731486,10,-814.075953106123,1687.65833173812,4.30382233096134,0.0283601917192943
5.59911078716923,-2.02035267480611,1.34056537648092,-1.44600612270034,-2.0169712660205,4.4413743437585,NA,-1.09672629950222,0.879486413638539,2.12102713390964,12,-808.170243411081,1687.74819745321,4.39368804605238,0.0271140923135429
5.97783431088808,-2.52822764673587,-0.794917974302676,-1.70577937969405,-1.28370548792047,5.25766844052731,1.26608601016099,NA,0.782078307226471,2.23206289211355,12,-808.803097570982,1689.01390577302,5.65939636585517,0.0143995858304633
5.79120636302659,-2.42708804665834,NA,-1.62780945140902,NA,4.9647593335482,NA,NA,0.817849374087476,3.62213295258453,9,-817.871064890341,1689.29791275397,5.94340334680919,0.0124933431433002
5.54514823503446,-2.38215568286633,NA,-1.61578020405219,-1.77264846427066,5.14161611039944,0.994535938574074,-0.581732182076133,NA,2.16477377320683,11,-812.080010600585,1689.61708927963,6.26257987247277,0.0106505090707785
5.4182786999256,-0.850602640621064,NA,NA,NA,2.07886372359307,NA,-2.05172315532928,1.12043138187146,3.31365551610349,9,-818.039991393072,1689.63576575943,6.28125635227047,0.0105515149966156
5.85918884256468,-2.54315521863292,-2.81645053679639,-1.58361619709753,NA,5.25222216519296,2.30223359491115,NA,NA,2.66975825698326,10,-815.171609882321,1689.84964529052,6.49513588335822,0.00948137820186089
5.60109744449263,-2.41579301788467,NA,-1.50808250882677,-0.656745976093386,4.90998191148285,NA,NA,NA,2.74588641405563,9,-818.266976979889,1690.08973693307,6.73522752590611,0.00840884278275858
5.75807629874437,-1.95192882620239,NA,-1.25690996387935,-0.478585931510716,4.03449968670818,NA,-0.762911199671298,0.988232243211044,2.56266541467448,11,-812.334913302147,1690.12689468276,6.77238527559598,0.00825405825854012
5.68871807778475,-0.91614744032861,-2.34767727322409,NA,NA,2.29141317026207,2.12493448676712,-2.08812760191662,1.15842576687823,2.72012728362865,11,-812.489287683642,1690.43564344575,7.08113403858692,0.0070733245872423
5.66492405838358,-2.65396714040294,0.0359023601732162,-1.79663273270559,-1.85954679533254,5.59032963646334,0.911989832778896,NA,NA,2.20797313136299,11,-812.576969982243,1690.61100804295,7.25649863578883,0.00647953215482392
5.41697736306943,-2.39563673390345,1.55497594860708,-1.67396573713378,-2.41542952381821,5.18854268890921,NA,-0.572447597497531,NA,2.16022486437678,11,-812.625853610829,1690.70877530012,7.35426589296026,0.00617040626422257
5.78611722763326,-1.966336740214,-0.823002003803741,-1.34072523327613,-1.10839897343893,4.30922942848665,1.38356695909272,-1.16168303366107,0.94431150701557,2.12526204986452,13,-806.96565736771,1691.28966791906,7.93515851189909,0.00461503001337245
5.87458275915094,-2.31686313991692,-0.324339284053783,-1.48858060395383,NA,4.64147941879002,NA,NA,0.893612576489384,3.12378281651767,10,-815.994628693602,1691.49568291308,8.14117350591982,0.00416331184598098
5.45784873622832,-0.879542601290359,NA,NA,-1.20466492777093,2.31139709190109,0.804916638999395,-2.16881613567852,1.08287146824598,2.64596583381166,11,-813.219848221627,1691.89676452172,8.54225511455729,0.00340678853872337
5.53266401346561,-2.49742354129854,NA,-1.61606739034207,NA,5.15512231623868,NA,NA,NA,3.74849841061076,8,-822.665181688065,1692.93550379683,9.58099438966883,0.00202668293109298
5.54906366252701,-1.62950400930535,NA,-1.08461505465736,NA,3.57772883731899,0.0994947683977581,-1.56491256302925,1.02326530434742,3.09912171837516,11,-813.920005467528,1693.29707901352,9.94256960635948,0.00169149511986743
5.63672176137614,-1.74049214460721,-0.0881723948405263,-1.12688772761647,NA,3.69545951920555,NA,-1.22401657468355,1.01921730628771,2.96627683672489,11,-813.982045134002,1693.42115834647,10.0666489393061,0.00158974425545527
5.81581911183318,-2.35788161558845,NA,-1.54670650772936,NA,4.76377131706192,-0.162325407908555,NA,0.857311420878098,3.39257355237862,10,-817.273738208076,1694.05390194203,10.6993925348665,0.00115858723254035
5.51288940417746,-0.946896735831643,NA,NA,-0.313955801674215,2.19728033983536,NA,-1.71313305002576,1.11147391567988,3.02053915980647,10,-817.280663812391,1694.06775315066,10.7132437434977,0.00115059103700658
5.27418293635877,NA,NA,NA,NA,1.01073333384004,NA,-2.85634386519418,1.31880858579925,2.82743886837606,8,-823.427910233395,1694.46096088749,11.10645148033,0.000945228943248754
5.71504820371557,-2.25057758930547,-2.67764655822372,-1.39726132374051,NA,4.77777736909425,2.29382273022435,-0.635529482302279,NA,2.6088676434528,11,-814.585189434741,1694.62744694795,11.2729375407841,0.000869731145659969
5.36353072359147,-0.875281373293913,1.06510881270568,NA,-1.50775770629762,2.28456981130155,NA,-2.10548230595015,1.05807355368763,2.72201506298404,11,-814.62715038287,1694.7113688442,11.3568594370422,0.000833991481087808
5.3597912439015,-0.786816315608581,NA,NA,NA,2.0359934291364,0.14970208241347,-2.31566258701348,1.12333757431224,3.39735616487963,10,-817.691086742799,1694.88859901148,11.5340896043133,0.000763267152353566
5.53562955451891,-2.38332720345972,0.113064537334686,-1.62103358658441,-1.82724257461948,5.14732351153787,0.929025300439864,-0.584187779830607,NA,2.16047757323856,12,-812.076964817483,1695.56164026602,12.2071308588572,0.000545164441609289
5.42736278109242,-0.858497394456683,-0.019190251973715,NA,NA,2.08543765363841,NA,-2.02146740620127,1.12062248645074,3.29896002576809,10,-818.035600177415,1695.57762588071,12.2231164735447,0.000540824414860871
5.36402648324065,-2.03469973052101,NA,-1.28032960463908,NA,4.33022505533459,NA,-0.879973446535847,NA,3.39224716011446,9,-821.022408393552,1695.60059976039,12.2460903532324,0.000534647541944691
5.57452461853017,-2.35576828095452,NA,-1.46678080397097,-0.625815664187264,4.80744837826121,NA,-0.12163291859973,NA,2.74388766601201,10,-818.24487670334,1695.99617893256,12.6416695253954,0.000438701024556443
5.43554700460206,NA,-1.96804094937724,NA,NA,1.1628714314655,1.97465943011985,-3.20229814157699,1.35900999245048,2.45059125142624,10,-818.266928874424,1696.04028327473,12.6857738675631,0.000429132604482198
5.64451205538643,-0.913436640961329,-1.85144789692064,NA,-0.317047251542635,2.31077959077644,1.87983305098435,-2.09717700750253,1.13925241234607,2.66627631214206,12,-812.411591971925,1696.2308945749,12.8763851677402,0.000390122316668476
5.57700909933171,-2.41160060116263,-0.267357553989372,-1.50042499419185,NA,4.90248124301936,NA,NA,NA,3.34768248766496,9,-821.409970193076,1696.37572335944,13.0212139522785,0.000362870466928731
5.25354334938888,NA,NA,NA,-1.04750431604124,1.22006821646375,0.883260600482992,-3.23261660752235,1.29645752282646,2.37668809246751,10,-818.569656790758,1696.64573910739,13.291229700231,0.000317043204436795
6.10720181750709,-2.99539456826202,NA,-2.43842214892585,-2.8338018333442,5.7486265692893,1.2039374005477,NA,0.748337263198994,NA,10,-818.906117400498,1697.31866032687,13.9641509197111,0.000226462064772784
5.17872171004803,NA,NA,NA,NA,1.08790156279036,0.298203781118369,-3.26127863231555,1.29257309577173,3.06857585016372,9,-821.959775450752,1697.47533387479,14.1208244676304,0.000209398821930016
5.87040422246513,-2.27105959891741,NA,-1.94624769750185,-2.54594270912749,4.5333285454055,1.29459230190889,-1.43997964087873,0.982846698759849,NA,11,-816.252205016664,1697.96147811179,14.6069687046302,0.000164213687785159
5.86872882064339,-3.09812217293349,NA,-2.48423917720926,-2.99862818377355,6.00762964497789,1.32648871811235,NA,NA,NA,9,-822.280443383623,1698.11666974054,14.7621603333744,0.000151953224451911
5.53946505869119,-2.4512499373346,NA,-1.55844988121016,NA,5.02106673046338,-0.112016708845989,NA,NA,3.59553669756973,9,-822.381468364546,1698.31871970238,14.9642102952203,0.000137352107810323
5.77442904042921,-1.4848628962009,NA,NA,-0.762814978553755,3.06738079792321,NA,NA,0.883712924197591,3.43521924608648,9,-822.604888904222,1698.76556078173,15.4110513745716,0.000109851254514844
5.69134970369603,-3.11382352828592,2.12266144304762,-2.56258989794215,-3.90352532204954,6.0829141726913,NA,NA,NA,NA,9,-822.639914020933,1698.83561101516,15.4811016079941,0.000106070302171611
6.03616861315489,-1.54718944129024,-2.73788613485103,NA,NA,3.21872859188638,2.05721307483957,NA,0.919745802977266,3.30370713302144,10,-819.79326536808,1699.09295626204,15.7384468548757,9.32635614330028e-05
5.93584069070529,-3.01177695914424,1.88043630348019,-2.50837151507707,-3.60445803250452,5.80979274195129,NA,NA,0.702133114464768,NA,10,-819.797105799655,1699.10063712519,15.7461277180246,9.29060759954905e-05
5.14219933265552,NA,1.23571337224524,NA,-1.4596532523862,1.20820465874626,NA,-3.17578493147704,1.26323641061853,2.44241185430465,10,-819.857497699672,1699.22142092522,15.8669115180589,8.74613644995043e-05
5.20041519554034,NA,0.181384601556986,NA,NA,1.04469403695,NA,-3.07128786610182,1.29761021594408,3.01034734333558,9,-823.005565637377,1699.56691424804,16.2124048408809,7.35856832581553e-05
5.26934993570281,NA,NA,0.17611321023515,NA,0.930589594037976,NA,-2.83782175812564,1.30468903781636,2.9477635122732,9,-823.200094944186,1699.95597286166,16.6014634544993,6.05773571616108e-05
5.20936569990391,-1.14366641410654,NA,NA,-1.42324237680766,2.81568737549776,0.872771140662274,-1.65740511168574,NA,2.88192043953611,10,-820.239571328419,1699.98556818272,16.6310587755538,5.96875537358934e-05
5.1372864632622,-1.09465029389069,NA,NA,NA,2.55652415241291,NA,-1.61324567909208,NA,3.75178896807805,8,-826.207922588209,1700.02098559712,16.6664761899569,5.86398682799191e-05
5.69841794427777,-2.31654814398268,2.00958694071887,-2.04021298650916,-3.37569232766499,4.64299856809172,NA,-1.38360293995605,0.929904881014126,NA,11,-817.355489543757,1700.16804716598,16.8135377588178,5.44827439572689e-05
5.28877335697938,NA,NA,NA,-0.0563700089884758,1.009170251286,NA,-2.81213731997128,1.32278441158538,2.76428351628559,9,-823.401933515338,1700.35965000397,17.0051405968029,4.95054422464146e-05
5.42965030275302,-2.11072210969118,-0.134319977978111,-1.30867878286299,NA,4.41553431794853,NA,-0.653553474370009,NA,3.28248765764608,10,-820.812661074678,1701.13174767523,17.777238268071,3.36506971066256e-05
5.41566523441927,-1.18723339288245,-2.43242948711766,NA,NA,2.80022392461282,2.1445502221786,-1.55719569716773,NA,3.10385888149289,10,-820.877962291947,1701.26235010977,17.9078407026088,3.15234765328431e-05
5.33870258893726,-2.00024904477816,NA,-1.26842753544395,NA,4.29698910988133,0.0607905972434291,-0.993087518053117,NA,3.42949293882351,10,-820.965298152932,1701.43702183174,18.0825124245794,2.88871452178772e-05
5.43999702674405,NA,-1.9971971022538,0.155971024166299,NA,1.08866134543917,1.98358119939087,-3.16382244977309,1.34910618159959,2.53426288807485,11,-818.087018227748,1701.63110453396,18.2765951267986,2.6215618075218e-05
5.77535500846112,-1.53037275340367,NA,NA,-1.36930029032003,3.2775045178747,0.479556687114528,NA,0.810528255986072,3.27147231690001,10,-821.107305860214,1701.72103724631,18.3665278391441,2.50629080625724e-05
5.382533101245,NA,-1.3471078766154,NA,-0.396306199823881,1.18972770891796,1.66715492708289,-3.21004438918233,1.3390211529267,2.38445214607598,11,-818.148400383086,1701.75386884464,18.3993594374751,2.46548389513788e-05
5.09943860560196,-1.12365506405406,1.26062395358419,NA,-1.86298244709565,2.7780331890155,NA,-1.64603326956163,NA,2.93123101458696,10,-821.222496977393,1701.95141948066,18.5969100735017,2.23359585215025e-05
5.27927747611255,NA,NA,NA,NA,NA,NA,-3.30099605672396,1.5050148410384,1.828431322833,7,-830.277325125437,1702.20914811899,18.8546387118265,1.963539000134e-05
5.69514837747299,-2.71390236245971,NA,-2.219638018552,-2.87084437909347,5.3827678934994,1.4001156285971,-0.798984243292768,NA,NA,10,-821.37763783355,1702.26170119298,18.9071917858162,1.91261596543629e-05
5.48737464880769,-1.57309418426919,NA,NA,-0.756048470315365,3.25719896535935,NA,NA,NA,3.56916683266102,8,-827.376057695201,1702.3572558111,19.002746403942,1.82338490444565e-05
5.25339080938056,NA,NA,0.0790335179491936,-1.04209057837609,1.18129133534875,0.872196475154845,-3.21367573663471,1.29034983589703,2.42725335875808,11,-818.523527652572,1702.50412338361,19.1496139764474,1.69428500365608e-05
5.50611151566362,-2.72852730447153,2.24636340755143,-2.30072167775572,-3.83160931141208,5.45970242879785,NA,-0.804216446719523,NA,NA,10,-821.730442891755,1702.96731130939,19.6128019022249,1.3440223375963e-05
5.78321693074567,-1.47072508464062,-0.467805454110996,NA,NA,2.98089984398115,NA,NA,0.91669967585525,3.84383226874707,9,-824.721669907657,1702.9991227886,19.6446133814413,1.3228137842622e-05
5.1793331631854,NA,NA,0.111906966008966,NA,1.03352732564879,0.287054083111281,-3.23440537958793,1.28495526489757,3.13579275394057,10,-821.869049006659,1703.2445235392,19.8900141320332,1.17006669012728e-05
5.26223708447854,-1.22229993351264,NA,NA,-0.436274079299451,2.70946244397449,NA,-1.15951969553918,NA,3.33502552905368,9,-824.848882265263,1703.25354750381,19.8990380966527,1.16479926212737e-05
6.11055816064522,-2.99472088832235,-0.0361504661692281,-2.43677159732688,-2.81676832157847,5.74596643581405,1.22504233173537,NA,0.74956233189948,NA,11,-818.905826762861,1703.26872160419,19.9142121970247,1.15599531190712e-05
5.7254624479611,-1.51019591033358,0.520071282717316,NA,-1.39857482086288,3.21031670004548,NA,NA,0.817927717525745,3.33222569852997,10,-821.937861450545,1703.38214842697,20.0276390198051,1.09225930006631e-05
5.51799446115288,-1.62083843288689,NA,NA,-1.52844844547943,3.49381298248534,0.600979259742273,NA,NA,3.32715561059925,9,-825.021343005411,1703.59846898411,20.243959576949,9.80284958931919e-06
5.73468104436938,-1.64336155126209,-2.75401206756616,NA,NA,3.44241465254723,2.10917171228171,NA,NA,3.4880682250112,9,-825.036576623132,1703.62893621955,20.274426812392,9.65464841212492e-06
5.8079500039739,-3.10764953526833,0.733558036745635,-2.51509456480383,-3.34015325744194,6.05199792382558,0.894703231261066,NA,NA,NA,10,-822.156881430749,1703.82018838737,20.4656789802123,8.77418086431403e-06
5.26630448271969,NA,NA,0.508040722002972,NA,NA,NA,-3.14379756631963,1.4166880294273,2.4037189807869,8,-828.125693916407,1703.85652825352,20.5020188463541,8.61619423503418e-06
5.88059993348668,-2.2684526586554,-0.109925888463482,-1.94083577754811,-2.49369874270617,4.52407677974643,1.35866256544925,-1.44095707338297,0.987018754001117,NA,12,-816.249487026596,1703.90668468424,20.5521752770821,8.40280238743924e-06
5.64733844070609,-1.51886205684656,NA,NA,NA,3.22790409371743,NA,NA,0.809669520393407,4.69584506418149,8,-828.556894058602,1704.71892853791,21.3644191307442,5.59819005442663e-06
6.00850733353515,-1.54722340953699,-2.42820492428534,NA,-0.199408300772071,3.234129002533,1.90400872391819,NA,0.904250557063746,3.27095293516072,11,-819.76390042877,1704.98486893601,21.6303595288432,4.90116602887085e-06
5.14387160043917,NA,1.2177652582677,0.0536141438296623,-1.44390225333748,1.18087527883531,NA,-3.16126239748151,1.25953459205914,2.47831493989135,11,-819.83686409699,1705.13079627244,21.7762868652828,4.55629354378095e-06
5.44535228698775,-1.60139806809034,0.785959124738921,NA,-1.72730173486932,3.44490018632507,NA,NA,NA,3.37948277953142,9,-825.821305722286,1705.19839441786,21.8438850106995,4.40486847556516e-06
5.20352967790021,NA,0.164421200428593,0.14160914872249,NA,0.97663268658574,NA,-3.03628906060811,1.28848781712825,3.08985977762341,10,-822.861650857678,1705.22972724123,21.8752178340706,4.33639773841358e-06
5.09465607621943,-1.04782373048295,NA,NA,NA,2.52595998515196,0.111150432111798,-1.80736994595635,NA,3.81410319732744,9,-826.021322106696,1705.59842718668,22.2439177795197,3.60634219593535e-06
5.28867700604548,-1.16532609126039,-0.845382017569369,NA,-1.02357757952968,2.82963618519278,1.36550354352435,-1.612398227724,NA,2.89690748154678,11,-820.072208396949,1705.60148487236,22.2469754652002,3.60083287800341e-06
5.28758902058681,NA,NA,0.182688488516627,-0.0715418267282893,0.925867233708107,NA,-2.78103705552924,1.30896908859274,2.87214290573824,10,-823.158599426995,1705.82362437987,22.4691149727055,3.22230009557971e-06
5.16444240631023,-1.11918977671623,-0.0599315633895809,NA,NA,2.57706389277733,NA,-1.51956406243279,NA,3.70619941521128,9,-826.166974131158,1705.88973123561,22.5352218284429,3.11753302544598e-06
5.70379785204044,-1.47436424614822,NA,NA,NA,3.02218286651605,-0.297752187187497,NA,0.879192266526014,4.17719334018446,9,-826.572206088399,1706.70019515009,23.3456857429255,2.07883997714226e-06
5.2188263462168,NA,NA,NA,NA,NA,0.181303619528772,-3.56628287176426,1.48957548159952,1.93224604208218,8,-829.751700276315,1707.10854097333,23.7540315661706,1.69492267990946e-06
5.39805463522011,NA,-1.50982990549179,0.135613396992761,-0.308614362671447,1.11933916754619,1.7429357076542,-3.17484895229723,1.33449394596529,2.47182762703573,12,-818.018166000377,1707.44404263181,24.0895332246437,1.43316644564677e-06
5.46792050384057,NA,-1.72735864614677,NA,NA,NA,1.64529849685673,-3.52550480425212,1.59538850004667,1.3166124148098,9,-826.971859135288,1707.49950124386,24.1449918367027,1.39397166809518e-06
5.25538668174545,0.134691499898215,NA,NA,NA,NA,NA,-3.35206571082993,1.50312965205423,1.92142837046569,8,-829.956034312756,1707.51720904621,24.1626996390517,1.38168405762059e-06
5.3949645995046,-1.60064194484393,NA,NA,NA,3.4030981649734,NA,NA,NA,4.80862196959841,7,-832.949602998618,1707.55370386535,24.1991944581882,1.35670053820493e-06
5.47963309059229,-1.56656815255495,-0.412436213203332,NA,NA,3.2068602492349,NA,NA,NA,4.07193594334021,8,-830.010333060583,1707.62580654187,24.271297134705,1.30866081925082e-06
6.24491747201518,-2.02201098065643,-4.25844743189111,-1.68690874269836,NA,3.72522621668788,3.46917089394509,-1.79451513765211,1.28077456156252,NA,11,-821.10489678906,1707.66686165659,24.3123522494238,1.28207105437586e-06
5.62336417441375,-2.71725356465788,0.824886874033806,-2.24903122772939,-3.25284513019908,5.42037950902904,0.916190783954783,-0.814400167151469,NA,NA,11,-821.220819319838,1707.89870671814,24.5441973109796,1.14174095478622e-06
5.30739782339214,NA,NA,NA,-0.0976673655331272,NA,NA,-3.2235036845503,1.51791558053523,1.71938607625481,8,-830.203366384491,1708.01187318968,24.6573637825227,1.07893130092705e-06
5.24926876143596,NA,0.0702622481036282,NA,NA,NA,NA,-3.38961213317892,1.49527204465816,1.88778237492206,8,-830.21663710198,1708.03841462466,24.6839052174989,1.06470769591022e-06
5.64140360982529,-1.63719147411523,-1.47506457847155,NA,-0.829015105913933,3.48563601047967,1.47504234864056,NA,NA,3.33117567277744,10,-824.514522700139,1708.53547092616,25.1809615189929,8.30416536234325e-07
5.23187845040843,0.185332935277547,NA,0.54316457506184,NA,NA,NA,-3.2054105558273,1.41160280649953,2.56982933318104,9,-827.523034837969,1708.60185264923,25.2473432420663,8.0330668434645e-07
5.4727126065887,NA,-1.84422598658139,0.538877795206985,NA,NA,1.72242203531441,-3.33027851598502,1.50712989813383,1.8685536131222,10,-824.552388602779,1708.61120273144,25.2566933242736,7.99559957453479e-07
5.21372608846005,NA,NA,0.494774538735259,NA,NA,0.161382343012143,-3.38379365801162,1.40741847108786,2.48092018079293,9,-827.70352174611,1708.96282646551,25.6083170583472,6.70651518866434e-07
5.29782123734601,NA,NA,NA,-0.757213684325465,NA,0.594179589052833,-3.56952329824505,1.55053868923914,1.32357301655629,9,-827.970486594572,1709.49675616243,26.142246755272,5.13517858958449e-07
5.29872767130261,NA,NA,0.513493017599759,-0.117733345588639,NA,NA,-3.04937359541105,1.42863050935001,2.27820483398073,9,-828.016607569844,1709.58899811298,26.234488705815,4.9037177719233e-07
5.24878585814611,NA,0.0420028411352182,0.504222659457379,NA,NA,NA,-3.1977934351318,1.4121707067119,2.43487737155314,9,-828.103719898329,1709.76322276995,26.4087133627845,4.49462086266337e-07
6.60444065156508,-2.92055185335815,-4.88138003826611,-2.28889971296144,NA,5.18654958385249,3.67294931576407,NA,1.03174820666733,NA,10,-825.235283033372,1709.97699159262,26.6224821854587,4.03899907098201e-07
6.20338171615455,-2.77730288842256,NA,-2.25496633415118,-1.50245726605838,4.80939826924142,NA,NA,1.0748017633674,NA,9,-828.269743100766,1710.09526917482,26.7407597676593,3.80706334165458e-07
5.42166503588169,-1.56855285044471,NA,NA,NA,3.24311712947264,-0.250195771351637,NA,NA,4.38177464196642,8,-831.5546411129,1710.7144226465,27.3599132393401,2.79346114187957e-07
5.28651157685147,NA,NA,0.497539447518353,-0.758273869476287,NA,0.574910476443821,-3.39000259411247,1.45686133996707,1.87220319601447,10,-825.908682828378,1711.32379118263,27.9692817754706,2.05977573745769e-07
5.23250607065835,NA,0.716510411783559,NA,-0.90588320341497,NA,NA,-3.48722472486404,1.52326557001769,1.42098546345273,9,-828.96842031932,1711.49262361193,28.1381142047671,1.89303412104182e-07
5.16084121977107,0.207042879918173,NA,NA,NA,NA,0.247359582318686,-3.742673659466,1.48416875334932,2.11102807644065,9,-829.06228736659,1711.68035770647,28.3258482993067,1.72342544760523e-07
4.87687425927606,NA,NA,NA,NA,1.24201509647905,NA,-2.59774795970828,NA,3.19832384258116,7,-835.250509818188,1712.15551750449,28.8010080973277,1.35897936437479e-07
5.40455488985605,0.189525353718202,-1.68780668164891,NA,NA,NA,1.67332887905377,-3.68955900850621,1.57910639070501,1.49808680063446,10,-826.396967657882,1712.30036084164,28.9458514344794,1.26403916733342e-07
4.86019274456272,NA,NA,NA,-1.22694887178813,1.46331113121622,0.987050029448824,-2.99468692978686,NA,2.61262706866002,9,-829.500542221953,1712.5568674172,29.2023580100329,1.11188746957495e-07
5.39465090549663,0.247210706448502,-1.82653449630113,0.583848660808633,NA,NA,1.78292226853433,-3.52473690970317,1.48506608075347,2.13900948523708,11,-823.566939540732,1712.59094715993,29.2364377527674,1.09310155941468e-07
5.14247339813312,0.253611165716441,NA,0.535222019548799,NA,NA,0.23892535807314,-3.58473753399317,1.39945696164202,2.74211053466457,10,-826.671092116877,1712.84860975963,29.4941003524686,9.60969914517205e-08
5.19350783631162,0.168635649095081,0.132025088167687,NA,NA,NA,NA,-3.53201749907163,1.48619890789562,2.0553364633497,9,-829.760255625211,1713.07629422371,29.7217848165487,8.57568337726592e-08
6.03042511076989,-2.20791928928836,NA,-1.86107265109239,-1.20266654481578,3.7997728261903,NA,-1.09175759786694,1.27031259651429,NA,10,-826.807310320173,1713.12104616622,29.7665367590619,8.38592506314999e-08
5.50210690725554,NA,-2.16319509911204,NA,0.272702446534721,NA,1.86567036553285,-3.51411098367354,1.60015792751715,1.37965488139676,10,-826.915400413384,1713.33722635265,29.9827169454829,7.5267596177947e-08
5.27284654416054,0.126664592693214,NA,NA,-0.0565038078987142,NA,NA,-3.30401887859779,1.51001911050187,1.85320179243768,9,-829.932251979667,1713.42028693262,30.0657775254613,7.22057312221231e-08
5.22857589318895,NA,0.650238389979443,0.488872689717028,-0.851625401378039,NA,NA,-3.29710555897485,1.43127549994118,1.97787258684767,10,-826.993405655324,1713.49323683653,30.1387274293631,6.96194839939238e-08
4.73159580216113,NA,1.52491080939898,NA,-1.84701677903473,1.46052763525892,NA,-2.98465488024457,NA,2.64202847014161,9,-830.038920151652,1713.63362327659,30.2791138694311,6.49002353837208e-08
5.44441592111571,NA,NA,NA,-1.70696336424259,NA,0.98780274557834,-3.90841909622044,1.68994156508357,NA,8,-833.014350686129,1713.63384179296,30.2793323857979,6.48931448892521e-08
5.23245069719312,0.224009171846532,NA,NA,-0.780411650351106,NA,0.679259304600579,-3.7610100467598,1.53584555119314,1.50379274067341,10,-827.164130483685,1713.83468649325,30.4801770860845,5.86929514578159e-08
5.5354341188615,NA,-2.62380956155663,0.555217878737,0.485268617957978,NA,2.11723146618637,-3.3038372717514,1.51779999059981,1.99748191283062,11,-824.373632811239,1714.20433370094,30.8498242937799,4.87885687453208e-08
5.17917216898631,0.21365776866548,0.11539943482844,0.537266298516047,NA,NA,NA,-3.36381204864109,1.40038172673179,2.67906557682799,10,-827.369891251817,1714.24620802951,30.8916986223483,4.77776938208908e-08
5.76508061132436,NA,-3.44939645995218,NA,NA,NA,2.95189110357708,-3.91356132385366,1.75472540278056,NA,8,-833.332672132614,1714.27048468593,30.915975278768,4.72012580530593e-08
5.25137850293677,0.176692640591497,NA,0.545052697063586,-0.0665257254941445,NA,NA,-3.14886251490294,1.41747188025154,2.49218127059249,10,-827.48934453241,1714.4851145907,31.1306051835343,4.23981866451242e-08
5.2065288706991,0.277624795994885,NA,0.547435251397484,-0.801136070256344,NA,0.682994254055839,-3.60750371196141,1.4369618650864,2.13493837810861,11,-824.670911555183,1714.79889118883,31.4443817816682,3.62419502456662e-08
5.00280480811248,NA,-1.86889722369442,NA,NA,1.40117692824896,1.89856757842299,-2.9616563050843,NA,2.85911021480892,9,-830.654480385835,1714.86474374496,31.5102343377966,3.50680695280649e-08
4.78840027824596,NA,NA,NA,NA,1.31640737970798,0.315917780782697,-3.02965479068552,NA,3.44199998263865,8,-833.664379648126,1714.93389971695,31.5793903097915,3.38762110932503e-08
5.43721311110424,NA,NA,NA,-2.16739574338375,0.520112018195622,1.25694335843084,-3.89221911526199,1.56684182936028,NA,9,-831.091097222667,1715.73797741862,32.3834680114612,2.26616525171039e-08
5.15487014325784,0.21728467408651,0.874769556706042,NA,-1.01567079590953,NA,NA,-3.6824142625708,1.50727533362856,1.5844170951924,10,-828.226577457229,1715.95958044034,32.6050710331735,2.0284816868691e-08
5.84228495062111,-2.89380417969233,NA,-2.29531238328981,-1.56462439029493,5.09279837068995,NA,NA,NA,NA,8,-834.279162805597,1716.1634660319,32.8089566247331,1.83188369674311e-08
5.58477712512815,-0.618309577597151,NA,NA,-2.38944222879415,1.25661990817092,1.24523724134042,-3.19687063941856,1.41635887802556,NA,10,-828.582716254103,1716.67185803408,33.3173486269211,1.42069868007983e-08
6.29271330146619,-3.07401076221308,-5.09596797038335,-2.38094764048347,NA,5.53189491486326,3.88053128099528,NA,NA,NA,9,-831.58745650249,1716.73069597827,33.3761865711072,1.37951199075437e-08
4.87570531956857,NA,NA,0.305805382820521,NA,1.0869008111381,NA,-2.57085000846966,NA,3.39827029638492,8,-834.596723614946,1716.79858765059,33.4440782434324,1.3334692044221e-08
5.32723113538621,NA,1.40887896037122,NA,-2.23610421695409,NA,NA,-3.85238183916798,1.6675522505698,NA,8,-834.62408969822,1716.85331981714,33.4988104099789,1.29747217053937e-08
4.80039732172347,NA,0.217176723702236,NA,NA,1.27550949738259,NA,-2.85713626542701,NA,3.40788697841209,8,-834.674432223886,1716.95400486847,33.5994954613125,1.23377103545763e-08
5.13532660322114,0.263793701544934,0.841134626146039,0.530556697110756,-0.993061374423288,NA,NA,-3.51592219120174,1.41060117336243,2.21070906215139,11,-825.899153860032,1717.25537579853,33.900866391366,1.06118891404992e-08
4.86481783333754,NA,NA,0.195180124400832,-1.2117763773777,1.35822550257014,0.957961653462791,-2.9494256764994,NA,2.73413043201735,10,-829.233976454416,1717.97437843471,34.6198690275478,7.40735682216681e-09
4.89407513443899,NA,NA,NA,-0.0812181433184527,1.24120681825824,NA,-2.53468635555079,NA,3.10918308949029,8,-835.201453142773,1718.00804670625,34.6535372990859,7.28370408534198e-09
5.42165064229266,0.184821561198047,-1.88457167874719,NA,0.122700375238183,NA,1.77154826070221,-3.68044337621488,1.58202748469819,1.52187529337194,11,-826.385894016941,1718.22885611235,34.8743467051854,6.52235060166576e-09
5.43779107434497,0.236275296875339,-2.31445778008752,0.591821558099501,0.303900218104002,NA,2.02670068287414,-3.49998334909569,1.49394505871687,2.20728268892839,12,-823.498685458522,1718.4050815481,35.0505721409347,5.97224028910502e-09
5.59549168529295,NA,-1.5947864388894,NA,-0.977073938876465,NA,1.93925725068222,-3.88477516980068,1.71891515910353,NA,9,-832.443501028276,1718.44278502984,35.0882756226792,5.86070775703658e-09
4.85470768342005,NA,0.0634040929177334,NA,-1.25736751747041,1.46409086663118,0.950001931295244,-2.99612867458856,NA,2.61184020233834,10,-829.499626069657,1718.50567766519,35.1511682580294,5.67927768363349e-09
5.8011380605458,NA,-3.85228728852324,NA,NA,0.260870297106207,3.29470315720409,-3.92154141153485,1.71604502055719,NA,9,-832.773218789635,1719.10222055256,35.7477111453966,4.21459125390293e-09
4.74020235216716,NA,1.47159637184969,0.153310562764945,-1.79978113182612,1.37562981731023,NA,-2.9441211446822,NA,2.74228114114296,10,-829.878496584853,1719.26341869558,35.9089092884219,3.8882280552973e-09
5.28387770705194,NA,1.83782226103932,NA,-2.86387546168462,0.486928842887369,NA,-3.85095737763908,1.54628599419858,NA,9,-832.947758129505,1719.4512992323,36.0967898251372,3.53959839410915e-09
5.43929551796421,0.0193955043441882,NA,NA,-1.72054049190278,NA,1.00028423980429,-3.92989666343491,1.68837966748039,NA,9,-833.0081522867,1719.57208754669,36.2175781395276,3.33215457912521e-09
5.44391551601588,NA,NA,-0.00602027420999032,-1.70217327372048,NA,0.986020730763777,-3.90876735452296,1.69031570794489,NA,9,-833.013945946264,1719.58367486582,36.2291654586563,3.31290502640057e-09
5.01606989571657,NA,-1.92071147462431,0.276485133858131,NA,1.25648127358886,1.91283917417958,-2.89485820163045,NA,3.00089076203452,10,-830.122311966771,1719.75104945942,36.3965400522577,3.04694106901329e-09
6.04484105886082,-2.58265560989778,-4.78448043403333,-2.05209772205112,NA,4.75697184607707,3.80607823317696,-1.02562092597076,NA,NA,10,-830.152282639108,1719.81099080409,36.4564813969309,2.95697707136599e-09
5.78125522560858,-0.0945054932092597,-3.34612250712396,NA,NA,NA,2.84287090005911,-3.80186679724093,1.75749080539328,NA,9,-833.178552508602,1719.91288799049,36.5583785833317,2.81009669453728e-09
5.41747847705293,NA,NA,-0.337221995727694,-2.09130900078613,0.748302384056409,1.27184658412565,-3.91369292374358,1.55723143745289,NA,10,-830.20340136117,1719.91322824822,36.558718841055,2.80961865665064e-09
6.00431893952406,-0.625043767854327,-4.26988660503248,NA,NA,0.976571271699534,3.51332834255028,-3.22334165767196,1.61770775760253,NA,10,-830.220234615527,1719.94689475693,36.5923853497684,2.7627194715487e-09
4.79431789633545,NA,NA,0.233995679957005,NA,1.19165290101593,0.290788171573036,-2.97471745488081,NA,3.57572174500005,9,-833.288465030054,1720.1327130334,36.7782036262352,2.5176007688781e-09
5.7568303200539,NA,-3.39154870089961,-0.0362679159630732,NA,NA,2.90847479749087,-3.91550899117269,1.75528284911705,NA,9,-833.317805066252,1720.19139310579,36.8368836986317,2.44480737348119e-09
5.43542487518889,-0.589233789330165,1.78480982577547,NA,-3.02540848847582,1.1757493046307,NA,-3.18660095312781,1.41621972255724,NA,10,-830.68872671357,1720.88387895302,37.5293695458543,1.72931160365912e-09
5.54666043782243,NA,-1.15494125275741,NA,-1.61208274702981,0.490073047613122,1.93015821003946,-3.87540549318915,1.59882915407194,NA,10,-830.800116162825,1721.10665785153,37.7521484443657,1.54702535787845e-09
5.73579574149483,-0.64523543594737,-1.50713618267014,NA,-1.67490206502641,1.2489985032433,2.12331591664399,-3.14449840719377,1.45766205150571,NA,11,-828.086697775638,1721.63046362974,38.2759542225785,1.19056867841721e-09
4.81139860087677,NA,0.182596350751225,0.263664652844549,NA,1.1363111775355,NA,-2.79265513971302,NA,3.54699258805035,9,-834.201716363891,1721.95921570107,38.6047062939092,1.01010576009067e-09
5.80496972015096,-2.80936602224145,NA,-2.23684395969038,-1.52024830020267,4.94913828786764,NA,-0.17038129686258,NA,NA,9,-834.239104747903,1722.03399246909,38.6794830619324,9.73036829833612e-10
5.5600347779771,NA,NA,NA,-0.932281041371532,NA,NA,-3.38427458834255,1.71661071503202,NA,7,-840.323039071181,1722.30057601048,38.9460666033146,8.51611266395322e-10
4.89960238632689,NA,NA,0.317512936171986,-0.112299150275641,1.08000474408276,NA,-2.48260832916311,NA,3.28257961233332,9,-834.503752692784,1722.56328835886,39.2087789516963,7.4678250772416e-10
5.32466407074165,NA,1.38874353726382,-0.0474792170231144,-2.19086055667415,NA,NA,-3.85576142857473,1.67062558697776,NA,9,-834.598627390584,1722.75303775446,39.398528347296,6.79188898990425e-10
5.32348711167846,0.0101506372601389,1.42045526095989,NA,-2.2487773114396,NA,NA,-3.86402505471468,1.66650304173643,NA,9,-834.622440159615,1722.80066329252,39.4461538853573,6.63206577497168e-10
5.25057354420511,NA,1.91076615038085,-0.395331829522575,-2.83514003163674,0.766038824684826,NA,-3.88616690288195,1.52795228545516,NA,10,-831.74950880567,1723.00544313722,39.6509337300556,5.98661661263789e-10
4.83932283561066,NA,NA,0.730977050618522,NA,NA,NA,-2.87943963431261,NA,2.8664475292502,7,-840.796597525788,1723.24769291969,39.8931835125272,5.30368319694656e-10
4.87967000392226,NA,-0.170097768046472,0.201581838007431,-1.12971184021923,1.35265923546063,1.05641467311187,-2.94406224381947,NA,2.74021985365967,11,-829.227667136158,1723.91240235078,40.5578929436183,3.80397588952008e-10
5.77056369616543,NA,-3.70503690601767,-0.249116222080671,NA,0.428629518178309,3.21029270286596,-3.94453490191388,1.7012613361401,NA,10,-832.307269643,1724.12096481188,40.7664554047146,3.42727531235564e-10
5.60393917108533,-0.0196142961203343,-1.62846109156256,NA,-0.947970350225695,NA,1.9467359111913,-3.86251052777332,1.72093387449427,NA,10,-832.437511902258,1724.38144933039,41.0269399232311,3.00874580746069e-10
5.59668646816832,NA,-1.59952841944498,0.00946760446010273,-0.982481086043259,NA,1.94490826154494,-3.88413921124798,1.71843821327386,NA,10,-832.442508779574,1724.39144308502,41.0369336778624,2.99374897366052e-10
5.43872320414385,0.0195235199129831,NA,-0.00660077433955268,-1.71536860646715,NA,0.998410436455937,-3.93043232950561,1.68879451607481,NA,10,-833.007666495383,1725.52175851664,42.1672491094814,1.70125926938217e-10
5.49305528628858,NA,-0.783955746013702,-0.311055717822588,-1.72060391180046,0.710882426143307,1.72788939117566,-3.90065719373875,1.57890295221486,NA,11,-830.074009271294,1725.60508662105,42.25057721389,1.63183422136419e-10
5.77460939739894,-0.0927080587409906,-3.305005194366,-0.0273141903351112,NA,NA,2.81259926102003,-3.80514186754673,1.75766694026949,NA,10,-833.170124658739,1725.84667484336,42.4921654361942,1.44615825376181e-10
4.82261610105932,NA,NA,NA,NA,NA,NA,-3.08847307789366,NA,2.05425326474092,6,-845.217648889816,1726.13915309516,42.7846436879963,1.24940999299774e-10
5.59751944507228,-0.228509692552442,NA,NA,-0.894504743578151,NA,NA,-3.19764454606705,1.72586963095384,NA,8,-839.299881717341,1726.20490385538,42.8503944482227,1.20900300139078e-10
5.53357469273622,NA,NA,-0.192567571884322,-0.825390811440079,NA,NA,-3.42301852163869,1.71967445454149,NA,8,-839.892495859008,1727.39013213872,44.0356227315563,6.68433684708763e-11
5.55819128247396,NA,NA,NA,-0.9242079483869,-0.0184998042422246,NA,-3.38850180950166,1.71914466797664,NA,8,-840.319733666938,1728.24460775458,44.890098347415,4.36024913841797e-11
4.807334589789,0.168514221738329,NA,0.757718920098375,NA,NA,NA,-2.94219983762824,NA,3.00210491303027,8,-840.335290633384,1728.27572168747,44.9212122803069,4.29294179538118e-11
4.79517885176057,NA,NA,0.715417357349687,NA,NA,0.149556329667233,-3.10199992784386,NA,2.93314264248189,8,-840.452501879295,1728.51014417929,45.1556347721289,3.8181308065652e-11
5.74614924185509,-0.656790675762237,NA,NA,-1.14304875992082,0.735464874001292,NA,-2.68669450389474,1.63991342475782,NA,9,-837.523515397795,1728.60281376888,45.2483043617167,3.64525452085021e-11
5.32034938927453,0.0117232242516875,1.4018751597463,-0.0480422224640226,-2.20493472793258,NA,NA,-3.86929296714951,1.66950805556177,NA,10,-834.596424134421,1728.69927379472,45.3447643875568,3.47361617782467e-11
4.87402825953289,NA,NA,0.742988853400326,-0.158050921575783,NA,NA,-2.75336682382028,NA,2.70458649275975,8,-840.61857694257,1728.84229430584,45.4877848986796,3.23389056581471e-11
5.2477575531177,-0.94487910716292,NA,NA,-2.8893650647087,1.85808590711368,1.41739614312882,-2.59782207484989,NA,NA,9,-837.779839674338,1729.11546232197,45.760952914804,2.82102956946244e-11
4.82141004643603,NA,0.0491058349658727,0.724969444504256,NA,NA,NA,-2.94269902686891,NA,2.90063610517488,8,-840.768429745744,1729.14199991219,45.7874905050282,2.78384514789423e-11
4.98933180934431,NA,-1.6672925592672,0.773286600742914,NA,NA,1.55145007473191,-3.04094371333671,NA,2.39632626071222,9,-838.170450772255,1729.8966845178,46.542175110638,1.90883062425859e-11
5.60533865207317,-0.0198678540923988,-1.63389507028101,0.0101482648730094,-0.953415393934915,NA,1.95283676405348,-3.86156092061841,1.72047426397186,NA,11,-832.436371273215,1730.32981062489,46.9753012177321,1.53714647977864e-11
4.84836574186488,NA,NA,0.732223774558744,-0.861717238086646,NA,0.611066718054697,-3.10237596136609,NA,2.25300113668108,9,-838.408766320575,1730.37331561444,47.0188062072768,1.50407075299585e-11
4.76737452776029,NA,NA,NA,NA,NA,0.189223700159817,-3.36449520167487,NA,2.16020990108055,7,-844.674187914484,1731.00287369708,47.6483642899202,1.09789666464661e-11
5.92191765519117,-1.84961946881025,-0.615250749565805,-1.75538889362422,NA,2.85982623156389,NA,-2.02561108072421,1.43655646909162,NA,10,-835.935687266898,1731.37780005967,48.0232906525109,9.10221816316452e-12
5.57199076558623,-0.21108897507743,NA,-0.153679005582562,-0.813133589791017,NA,NA,-3.24142532804691,1.72668320575838,NA,9,-839.028289784685,1731.61236254266,48.257853135497,8.09492155489879e-12
4.7810561489705,NA,0.829064328319875,0.713224055979993,-1.11014977723029,NA,NA,-3.06282065391428,NA,2.30296977089542,9,-839.063242606338,1731.68226818596,48.3277587788025,7.8168688758456e-12
4.80275020690677,0.104925907176071,NA,NA,NA,NA,NA,-3.13255307079321,NA,2.1192365877801,7,-845.040804396622,1731.73610666136,48.3815972541965,7.60925170970278e-12
4.78239631235336,NA,0.111449525917284,NA,NA,NA,NA,-3.22820074724196,NA,2.14672660473233,7,-845.07387307149,1731.80224401109,48.4477346039321,7.36173885495358e-12
5.05452253888163,-0.899004197529657,2.16708053438829,NA,-3.75082405208842,1.78595682903605,NA,-2.63891442982973,NA,NA,9,-839.197623656765,1731.95103028682,48.5965208796583,6.83395127885647e-12
4.84277130938364,NA,NA,NA,-0.0934048090140954,NA,NA,-3.01586639650007,NA,1.95127248633246,7,-845.156476996551,1731.96745186122,48.6129424540538,6.77806889232957e-12
4.73131164414206,0.2308632179034,NA,0.74466827966462,NA,NA,0.218377659985405,-3.29074758427548,NA,3.14825372124394,9,-839.659341694718,1732.87446636272,49.5199569555627,4.30675614635348e-12
5.5385719590052,NA,NA,-0.284995629405662,-0.846834962509466,0.168668961195611,NA,-3.40398318893286,1.69927687037251,NA,9,-839.716045259665,1732.98787349262,49.6333640854575,4.06934243101447e-12
4.81627851263458,NA,NA,NA,-0.821363135970589,NA,0.629696358477738,-3.36922408413078,NA,1.49885119737856,8,-842.86196159602,1733.32906361274,49.97455420558,3.43111870642803e-12
4.92737210867298,NA,-1.39430066977916,NA,NA,NA,1.36413572689136,-3.33061048190728,NA,1.66065234958021,8,-843.092561086985,1733.79026259467,50.4357531875098,2.72450530044639e-12
4.76073634316995,0.195838181008681,0.113894169450448,0.747997463257964,NA,NA,NA,-3.09927483742843,NA,3.1026564727913,9,-840.194995740561,1733.94577445441,50.5912650472496,2.52068563183951e-12
4.83522372215845,0.154408690498881,NA,0.764434583336416,-0.115507226238842,NA,NA,-2.84456477217367,NA,2.8734750096211,9,-840.243247653309,1734.04227827991,50.687768872745,2.40194548539989e-12
4.73972690879043,NA,0.92585958397895,NA,-1.16161763008324,NA,NA,-3.34705255712296,NA,1.53842868949214,8,-843.254184489583,1734.11350939987,50.7589999927054,2.3179043218856e-12
4.92483270610296,0.230719633051098,-1.66596728973719,0.803185515709195,NA,NA,1.61887443349009,-3.228475360777,NA,2.61517792130673,10,-837.36448466935,1734.23539486458,50.8808854574145,2.18086314292841e-12
4.77814081024735,0.26115706763612,NA,0.767995519646437,-0.912696278957851,NA,0.715672819361658,-3.31293901235777,NA,2.46498030303312,10,-837.378654314211,1734.2637341543,50.9092247471367,2.15017899185649e-12
4.95066669855673,NA,NA,NA,-2.61369570550621,0.794250391588217,1.47238401057384,-3.64552045101234,NA,NA,8,-843.708873014389,1735.02288644948,51.6683770423172,1.4710478104703e-12
5.27696840069889,-0.952664742269199,-0.310015839862208,NA,-2.74596222501953,1.86153389690748,1.59923910575411,-2.58272889662098,NA,NA,10,-837.759235443522,1735.02489641292,51.6703870057595,1.46957017693153e-12
5.59038764280795,-1.51455386361947,NA,-1.79092389374655,NA,2.37839097883682,NA,-3.37864002433615,1.4747753417251,NA,9,-840.862766762574,1735.28131649844,51.9268070912758,1.29273472797717e-12
4.69455496604883,0.259034362405308,1.01782260245405,0.743967038733349,-1.25841238717687,NA,NA,-3.28221104617054,NA,2.49926178984614,10,-838.06875045704,1735.64392643996,52.289417032795,1.07837464355059e-12
4.95265301754736,NA,-1.19314259033677,0.762731424512644,-0.300909728986437,NA,1.31390726546574,-3.05836814773064,NA,2.31168441390597,10,-838.10571936187,1735.71786424962,52.3633548424548,1.03923622367997e-12
4.71863945504236,0.175776510428689,NA,NA,NA,NA,0.242954098097589,-3.5169237805477,NA,2.29831288218883,8,-844.221163785021,1736.04746799074,52.6929585835815,8.81336452515786e-13
6.36831099421637,-2.84556028211465,-1.06645571125922,-2.43493993143292,NA,4.40898505895421,NA,NA,1.26656401067332,NA,9,-841.296253914437,1736.14829080216,52.7937813950023,8.3800833417591e-13
5.28953179142155,NA,NA,-0.630698952317028,NA,NA,NA,-4.64194546106074,1.71641748386813,NA,7,-847.46967340438,1736.59384467687,53.2393352697118,6.70652492842266e-13
4.75615329933294,NA,2.31612524012188,NA,-3.59599058298178,0.786946567548717,NA,-3.6498518472035,NA,NA,8,-844.501689812915,1736.60852004653,53.2540106393703,6.65749466649161e-13
5.6698035779959,NA,NA,NA,-0.831794133895122,1.48110932381147,NA,NA,1.1462005358487,3.45578185317399,8,-844.522466564327,1736.65007354936,53.2955641421945,6.52060058634081e-13
4.73718841972323,0.144947264263355,0.161064050553275,NA,NA,NA,NA,-3.35142359729688,NA,2.27712745816442,8,-844.765104011472,1737.13534844365,53.7808390364833,5.11577569545648e-13
4.81830708970829,0.0965383619152691,NA,NA,-0.0650004505207078,NA,NA,-3.07844535955116,NA,2.04262336302167,8,-845.012276017444,1737.62969245559,54.2751830484278,3.99545327376651e-13
4.76163539035099,0.201192396347347,NA,NA,-0.856139671028803,NA,0.709552787913758,-3.54240497152679,NA,1.6334176486481,9,-842.260628903272,1738.07704077983,54.7225313726715,3.19466704434741e-13
5.5416330402843,NA,-0.595230253470178,NA,NA,NA,NA,-3.91930886631734,1.73351950428019,NA,7,-848.231251063171,1738.11699999446,54.7624905872947,3.131472257013e-13
5.46325172498299,NA,-0.398522056131225,-0.464005567587116,NA,NA,NA,-3.93798437666358,1.72861698553511,NA,8,-845.369986754374,1738.34511392945,54.990604522287,2.79392186767804e-13
4.89532037476817,NA,NA,NA,-1.94010993013504,NA,1.09127558615345,-3.71161200708336,NA,NA,7,-848.350366958578,1738.35523178527,55.0007223781088,2.77982331022205e-13
5.62039321061362,-0.368468731597747,-0.618849405571326,NA,NA,NA,NA,-3.46462759902971,1.7425305069115,NA,8,-845.595376913662,1738.79589424803,55.4413848408637,2.2301216528489e-13
4.66969154945749,0.207895740463579,1.07813306077742,NA,-1.27830454663887,NA,NA,-3.53350547831198,NA,1.66949378719328,9,-842.62407953806,1738.80394204941,55.4494326422473,2.22116589541066e-13
4.87828116754782,0.171380838450354,-1.38339093225496,NA,NA,NA,1.40722657712894,-3.47906177280033,NA,1.80054751128398,9,-842.656767100122,1738.86931717353,55.5148077663712,2.14973520497381e-13
5.71083221279073,-1.66460108710581,NA,-1.7920847498728,NA,2.55952063265566,-0.269654373436767,-2.77009241488109,1.45882558182248,NA,10,-839.786274720342,1739.07897496656,55.7244655593997,1.93579051427468e-13
4.85334073415077,NA,-0.4283968380195,NA,-0.618860365031218,NA,0.882069703320356,-3.35759823997784,NA,1.50855313681641,9,-842.822832948976,1739.20144887124,55.8469394640804,1.82080520799239e-13
5.6871346307539,NA,-0.560339779862099,NA,NA,1.38809457733122,NA,NA,1.16975655027735,3.80860635503825,8,-845.954920739512,1739.51498189973,56.1604724925642,1.55661300612874e-13
4.75539809687932,NA,1.69295074929763,NA,-2.64628436923592,NA,NA,-3.70715724524672,NA,NA,7,-849.004987175344,1739.6644722188,56.309962811639,1.44450564875621e-13
4.86182036010659,0.24664866207863,-0.911703057267096,0.788957591725093,-0.479785222437468,NA,1.2461783609593,-3.26825083344626,NA,2.49738166633135,11,-837.204194129857,1739.86545633818,56.5109469310169,1.30639977671071e-13
4.93854669802049,NA,NA,-0.265779385603942,-2.54700230042454,0.979674829142718,1.48149797962845,-3.6658871011666,NA,NA,9,-843.196066625849,1739.94791622499,56.593406817826,1.2536322634287e-13
5.87895216417345,NA,-2.23601239407192,NA,NA,1.49777382157656,1.52014370148972,NA,1.1992887779156,3.41532725793479,9,-843.477402676205,1740.5105883257,57.1560789185382,9.46209853568955e-14
5.32575571064276,-0.230286564835345,NA,-0.579588999432605,NA,NA,NA,-4.44007191125324,1.71711150413017,NA,8,-846.473371657959,1740.55188373662,57.1973743294586,9.26873107901195e-14
5.6546426848276,NA,NA,0.372753801882023,-0.846077665753831,1.30528120619264,NA,NA,1.10755110174751,3.66021675405217,9,-843.611051551576,1740.77788607644,57.4233766692798,8.27836359670633e-14
4.91390567717647,NA,0.423513943115462,NA,-2.81368662933045,0.800959109484979,1.22377319007518,-3.65401407817095,NA,NA,9,-843.670884846256,1740.8975526658,57.54304325864,7.7975690193873e-14
4.73477166417766,NA,2.36850237047446,-0.33740285105352,-3.55566856721377,1.02972054237595,NA,-3.68333264058398,NA,NA,9,-843.684970031397,1740.92572303608,57.5712136289214,7.68850868664675e-14
5.6624716300601,-0.973450363404619,-5.03215528698344,NA,NA,1.56053507906734,4.02512719447273,-2.6256604459325,NA,NA,9,-843.711884755965,1740.97955248522,57.6250430780572,7.48433456335742e-14
5.50524523491891,NA,-0.514414772096049,NA,NA,-0.353982151729831,NA,-3.88436969984107,1.77129476337227,NA,8,-846.744135754407,1741.09341192952,57.7389025223533,7.0701548995421e-14
5.53727849246101,-0.289449599598448,-0.455002574771202,-0.376973343695849,NA,NA,NA,-3.57559213309778,1.73640295315372,NA,9,-843.806374315137,1741.16853160356,57.814022196402,6.8095262576812e-14
5.67184776739143,NA,NA,NA,-1.13561701890357,1.56234005169449,0.242328188547696,NA,1.12186273090917,3.38070831251786,9,-844.173730167722,1741.90324330873,58.5487339015715,4.71602696048776e-14
5.32017588505328,NA,NA,-0.60451159971309,NA,NA,-0.0902776730929473,-4.47936176063202,1.71799564536673,NA,8,-847.344908391573,1742.29495720385,58.9404477966855,3.87718646191902e-14
5.65162201385155,NA,0.206017033963576,NA,-1.08244374017319,1.52668560477871,NA,NA,1.1273997434099,3.41866383606496,9,-844.427596368516,1742.41097571032,59.0564663031591,3.65867294626865e-14
5.28948007673395,NA,NA,-0.629458143665567,NA,-0.00198528638646207,NA,-4.64189518060058,1.71661401435694,NA,8,-847.469648398757,1742.54443721822,59.1899278110532,3.42249475177134e-14
5.59745253039827,NA,NA,NA,NA,1.41396825232212,-0.401712663163722,NA,1.12895272930577,4.13193763649983,8,-847.642943293793,1742.89102700829,59.5365176011264,2.87794025687613e-14
5.27388390089,NA,NA,NA,NA,-0.504110802375006,NA,-4.89697515688887,1.76593817705139,NA,7,-850.644657346517,1742.94381256115,59.5893031539861,2.80297701852523e-14
5.67685689214465,NA,-0.584499940166038,0.414598750442578,NA,1.18332967292918,NA,NA,1.13585273239608,4.01873203659976,9,-844.845085074036,1743.24595312136,59.8914437142,2.40996396029672e-14
5.28244204034543,NA,NA,NA,NA,NA,NA,-5.1760156479867,1.71806684625696,NA,6,-853.841063093285,1743.3859815021,60.0314720949336,2.24700361674496e-14
4.91513410473187,NA,NA,0.20353125515999,-2.1086513880928,NA,1.15103498190162,-3.68500060747902,NA,NA,8,-847.912828670821,1743.43079776234,60.0762883551822,2.19721241460969e-14
5.5132247195639,NA,NA,NA,NA,1.63541186992778,NA,NA,1.03793841661892,4.84137604670258,7,-850.891196815388,1743.43689149889,60.0823820917271,2.19052798627325e-14
5.87323941838562,NA,-2.3124586416357,0.436670671993847,NA,1.2849667189545,1.56452583456727,NA,1.16360964187278,3.61991368176478,10,-842.223839557389,1743.95410464065,60.5995952334927,1.69136523387508e-14
4.7786069976278,0.197951150905339,-0.185685437218307,NA,-0.767559750387187,NA,0.817535978364902,-3.5346568575575,NA,1.63540906650188,10,-842.253418067665,1744.01326166121,60.658752254046,1.64206980652242e-14
5.46336682465264,NA,-0.400267733586893,-0.439932635408624,NA,-0.0375190132448243,NA,-3.93321789295044,1.73276574193154,NA,9,-845.361010537181,1744.27780404765,60.9232946404898,1.43862289055382e-14
4.88867523567139,0.0280372602370684,NA,NA,-1.95907124293714,NA,1.10823228772312,-3.73998737407989,NA,NA,8,-848.338138084543,1744.28141658979,60.926907182625,1.43602669307348e-14
4.89660135991234,NA,-0.0146080222158531,NA,-1.93344861927386,NA,1.09998138196472,-3.71129038844661,NA,NA,8,-848.350322455015,1744.30578533073,60.9512759235704,1.41863577567905e-14
6.07430767967726,-1.60685186732258,NA,NA,-3.22698461358553,2.54911329834935,0.940406867672177,NA,0.889104990957315,NA,9,-845.511632377849,1744.57904772899,61.2245383218255,1.23746445194148e-14
5.64627387884225,-0.437161566775209,-0.647205502624542,NA,NA,0.105261806793146,NA,-3.39083352541996,1.73262307181634,NA,9,-845.552374224292,1744.66053142187,61.3060220147106,1.18806109086069e-14
5.20824712346411,NA,-3.67160352129226,NA,NA,NA,3.09068176787225,-3.7473520280967,NA,NA,7,-851.568196997312,1744.79089186274,61.436382455576,1.11309277261173e-14
5.33928213574441,-0.342336761718784,NA,NA,NA,NA,NA,-4.81506348396301,1.71715473253,NA,7,-851.656504184487,1744.96750623709,61.6129968299256,1.01901373728627e-14
4.76636897718125,NA,1.75733105132684,0.1607427729789,-2.80146839657752,NA,NA,-3.68328240550615,NA,NA,8,-848.729265575699,1745.0636715721,61.7091621649372,9.71176134476368e-15
4.74288602080692,0.0376426898671997,1.73267200726615,NA,-2.69083464156793,NA,NA,-3.74638551334195,NA,NA,8,-848.983522291822,1745.57218500435,62.2176755971839,7.53139997856645e-15
5.28002778155323,NA,NA,NA,-0.816358627693742,1.63543825465226,NA,NA,NA,3.66577353192551,7,-851.988123111932,1745.63074409198,62.2762346848158,7.31408104773143e-15
4.87363480863045,NA,0.734349268144203,-0.288961679793415,-2.88829322342412,1.00727293281407,1.05135844777589,-3.68227307551843,NA,NA,10,-843.085287688801,1745.67700090348,62.3224914963175,7.1468592544748e-15
5.38274827945206,-0.259274378316096,NA,-0.528667330584705,NA,NA,-0.152801704253937,-4.13806150726788,1.72159205443165,NA,9,-846.133454527506,1745.8226920283,62.4681826211392,6.64475241534292e-15
5.65691398505275,NA,NA,0.355627570996195,-1.11058641086642,1.38371594627171,0.211060292185732,NA,1.0871565205122,3.58378856867239,10,-843.347378427221,1746.20118238032,62.8466729731576,5.49908798001086e-15
5.78923288349414,-1.70519649152695,NA,NA,-3.44781760584876,2.77086455901448,1.08863678040943,NA,NA,NA,8,-849.347334960888,1746.29981034248,62.9453009353165,5.23448401813048e-15
5.85015093457291,NA,-1.8974914939831,NA,-0.216476646452001,1.51385466193907,1.35200239337994,NA,1.18668016474938,3.38118682832848,10,-843.446718824789,1746.39986317546,63.0453537682936,4.97906368900822e-15
5.64440234101497,NA,0.118975355735872,0.362950847277743,-0.990589773757279,1.33614023693429,NA,NA,1.09713754097311,3.63292843719647,10,-843.579897708641,1746.66622094316,63.3117115359973,4.35821676677605e-15
5.58505998243433,NA,NA,0.392884835374938,NA,1.21843129548106,-0.419484866332128,NA,1.09636492086591,4.3414579013895,9,-846.655465049368,1746.86671307203,63.5122036648634,3.94250737628381e-15
5.30373897381926,NA,-4.3886527668287,NA,NA,0.480351492679633,3.69414355052287,-3.72446951492047,NA,NA,8,-849.692651570439,1746.99044356158,63.635934154418,3.70599458249499e-15
5.3714427046283,NA,NA,NA,NA,NA,-0.26216431324533,-4.64153640557051,1.72164279051362,NA,7,-852.717369185772,1747.08923623966,63.7347268324959,3.52737979281438e-15
5.35447196053839,-1.03118141958192,NA,NA,-1.52686609121771,1.39352443321747,NA,-1.96829122711636,NA,NA,8,-849.830107459272,1747.26535533925,63.9108459320842,3.2300440574179e-15
5.34797148658128,NA,NA,NA,NA,-0.474167398423825,-0.213435264957637,-4.47505763304639,1.76929509198595,NA,8,-849.911860898598,1747.4288622179,64.0743528107366,2.97648280859364e-15
5.45750291010389,-0.38304546913775,NA,NA,NA,NA,-0.3227940063321,-4.10862066654706,1.72645449649725,NA,8,-849.987980011289,1747.58110044328,64.2265910361173,2.75832393459725e-15
5.50048668077592,NA,NA,0.332783872442414,NA,1.47519480517232,NA,NA,1.00883684347549,5.04437188594972,8,-850.190066705677,1747.98527383206,64.6307644248939,2.25361711215484e-15
5.96908641890287,-1.57805891777807,1.24757203278577,NA,-3.59030627092551,2.45387494010828,NA,NA,0.893409610024487,NA,9,-847.233583907213,1748.02295078772,64.6684413805542,2.21155978793162e-15
5.32026142518497,NA,NA,-0.591173220117182,NA,-0.0205189959376798,-0.0920174604519852,-4.47563167170538,1.72011628820657,NA,9,-847.342275424332,1748.24033382195,64.8858244147923,1.98378480122446e-15
6.30213719221364,-1.62444834493087,-2.33893959288911,NA,-2.10192473933939,2.50651782847535,2.31340236498463,NA,0.988128543079538,NA,10,-844.414372972863,1748.3351714716,64.9806620644404,1.89191153290745e-15
5.27882679127671,NA,NA,0.49000103220089,-0.839749188509913,1.37729114281699,NA,NA,NA,3.91591464426005,8,-850.457340039272,1748.51982049925,65.1653110920829,1.72506235422982e-15
6.22371257716868,-1.5059986758978,NA,NA,-2.1281455463686,1.95647861254767,NA,NA,1.32347936517443,NA,8,-850.485576157413,1748.57629273553,65.2217833283655,1.67703454022879e-15
6.68650023898354,-1.6300241899789,-5.8808550601291,NA,NA,2.21222139977521,4.09646859352941,NA,1.25120592812729,NA,9,-847.515797459262,1748.58737789181,65.2328684846514,1.66776515711107e-15
5.28286547452653,-0.0498032457081997,NA,NA,NA,-0.45631662103744,NA,-4.87076894900229,1.7612653873765,NA,8,-850.626252498687,1748.85764541807,65.5031360109128,1.45695805442118e-15
5.94643032669855,-3.08265242295339,-1.07154024233869,-2.62844552125965,NA,4.96927775421438,NA,NA,NA,NA,8,-850.676830584378,1748.95880158946,65.6042921822964,1.38510043340336e-15
5.6559541855791,-1.67459348951979,1.55714211806943,NA,-3.99750449925128,2.69641691849713,NA,NA,NA,NA,8,-850.850299130049,1749.3057386808,65.9512292736372,1.16451431888511e-15
5.00867519628707,NA,NA,NA,-1.06460038980345,NA,NA,-3.16144751377331,NA,NA,6,-856.826827384045,1749.35751008362,66.0030006764534,1.13475685694041e-15
4.9100803325315,0.0207694066406373,NA,0.202400287875591,-2.12186768881013,NA,1.16331427140021,-3.70613863489119,NA,NA,9,-847.906107852521,1749.36799867833,66.0134892711699,1.12882143172405e-15
4.92946955770248,NA,-0.161116811347668,0.205772906624437,-2.0370885755364,NA,1.24773572032726,-3.6811442745014,NA,NA,9,-847.907455829304,1749.3706946319,66.0161852247361,1.1273008317388e-15
5.28357173278719,NA,-0.486644105977205,NA,NA,1.57808859231205,NA,NA,NA,4.12925200704618,7,-854.070405986195,1749.7953098405,66.4408004333413,9.11666100863331e-16
5.29496737711632,NA,NA,NA,-1.32482125107191,1.753366743082,0.39280345186599,NA,NA,3.50855006805281,8,-851.098825429764,1749.80279128023,66.4482818730683,9.08262183890153e-16
5.88121021225501,NA,-2.40647826983356,0.440404524640979,0.0597035998706002,1.27868497394968,1.61128233536364,NA,1.1670648483922,3.63112651343818,11,-842.221583247495,1749.90023457345,66.545725166292,8.65070874217783e-16
4.88630803420064,0.0285306349678529,0.0256540798430389,NA,-1.97108929629192,NA,1.09323540613011,-3.74105572637628,NA,NA,9,-848.338004076152,1750.23179112559,66.8772817184317,7.3291751365035e-16
5.24677844403187,NA,0.55105733708279,NA,-1.5009954278407,1.74120283376097,NA,NA,NA,3.532896459275,8,-851.31938915866,1750.24391873802,66.8894093308588,7.28486691277852e-16
5.22387097049199,-0.105311089468616,-3.56439968793335,NA,NA,NA,2.97786125732731,-3.63423914860473,NA,NA,8,-851.389420704689,1750.38398183008,67.0294724229186,6.79215061954587e-16
5.2372516696367,NA,-3.87378674907076,0.121083272356422,NA,NA,3.24088549764976,-3.73062475146813,NA,NA,8,-851.412613034362,1750.43036648943,67.0758570822643,6.63643747801953e-16
5.64617986475166,-2.47027153748935,-0.780461252824765,-2.21314682816961,NA,4.01938435241228,NA,-1.27508971302305,NA,NA,9,-848.663486882437,1750.88275673816,67.5282473310006,5.29297341792734e-16
4.7560052761808,0.0306832210614379,1.78904810044574,0.158804606619822,-2.83609702030672,NA,NA,-3.71551923204283,NA,NA,9,-848.715011653227,1750.98580627974,67.6312968725817,5.02716094320696e-16
5.46126332561632,NA,-2.19025704946328,NA,NA,1.68855946590956,1.53173455052415,NA,NA,3.70784456031766,8,-851.728543796488,1751.06222801368,67.7077186065148,4.83869246798186e-16
5.17904067979974,NA,NA,NA,NA,1.77107461874924,NA,NA,NA,5.00177031380699,6,-857.707161539028,1751.11817839358,67.7636689864207,4.70520500130378e-16
5.77654083790153,NA,-0.781245963951549,0.869009432729056,NA,NA,NA,NA,1.29310995036646,3.24963758959445,8,-851.82127337414,1751.24768716898,67.8931777618207,4.41017757608846e-16
5.90031350531114,-1.721673768773,-1.32874337215093,NA,-2.82354092732661,2.76272675608227,1.8785935185851,NA,NA,NA,9,-848.983943278096,1751.52366952948,68.1691601223188,3.84173379988319e-16
5.28608844014613,NA,-0.523931177593584,0.526010626558008,NA,1.28828232703491,NA,NA,NA,4.37346030494178,8,-852.341937663683,1752.28901574807,68.9345063409057,2.62020003944666e-16
5.28308694324242,NA,-4.25608422128875,-0.206547248343118,NA,0.623276394615821,3.61669011182343,-3.74635991340222,NA,NA,9,-849.399149402729,1752.35408177875,68.9995723715863,2.53632872209509e-16
5.22084283524906,NA,NA,NA,NA,1.59635456238571,-0.340715515275168,NA,NA,4.41613128217718,7,-855.397053441383,1752.44860475088,69.0940953437184,2.41924658790912e-16
5.40186812950151,-0.198059761727903,NA,NA,NA,-0.276426499431993,-0.264891942831031,-4.26897374559206,1.7520710697644,NA,9,-849.661713199241,1752.87920937177,69.5246999646101,1.95063284132764e-16
5.74311779440153,NA,NA,0.873439812967143,-1.00198757311122,NA,NA,NA,1.28333556416892,2.88821511191641,8,-852.647191751687,1752.89952392408,69.5450145169134,1.93092000871135e-16
5.29242496463552,NA,NA,0.456630922164137,-1.28358829965995,1.49945571937026,0.344648206615612,NA,NA,3.76137025927646,9,-849.776282366923,1753.10834770714,69.753838299973,1.73947733559114e-16
5.46949948894416,NA,-2.27810055254792,0.5441669934743,NA,1.39286825188893,1.5762960836498,NA,NA,3.94822846481535,9,-849.852093475063,1753.25996992342,69.9054605162537,1.61248034121399e-16
5.0505432018126,-0.242957110708874,NA,NA,-1.02380188771699,NA,NA,-2.98514319540133,NA,NA,7,-855.806643655662,1753.26778517944,69.9132757722753,1.60619166277595e-16
5.25329641681224,NA,0.431372578766314,0.450163132695157,-1.37312389956903,1.48221476969734,NA,NA,NA,3.79191305616272,9,-850.05487051168,1753.66552399665,70.3110145894877,1.31652612165581e-16
6.2663976053462,-3.03636908846846,NA,-2.78370859834062,NA,4.6029954189369,-0.841258216019622,NA,1.23488258488196,NA,9,-850.063605641011,1753.68299425531,70.3284848481489,1.30507617689503e-16
5.95027175869613,NA,-2.11214156897711,0.902247086830425,NA,NA,1.19525934619541,NA,1.36111587050042,2.8776413718394,9,-850.305000207914,1754.16578338912,70.8112739819551,1.02517860405302e-16
5.034870564801,NA,NA,NA,-1.16169654165454,0.215983670998413,NA,-3.09357260820639,NA,NA,7,-856.427794954143,1754.5100877764,71.1555783692377,8.63047673026778e-17
5.76823201678881,-1.6301012638232,NA,NA,-2.23258874972186,2.20932039254574,NA,NA,NA,NA,7,-856.479474406842,1754.6134466818,71.2589372746354,8.19578741117845e-17
5.17391847961728,NA,NA,0.437987308690245,NA,1.54123291209797,NA,NA,NA,5.26154160020047,7,-856.52157933603,1754.69765654017,71.3431471330111,7.85786831357526e-17
5.21883447640642,NA,NA,0.502702986451418,NA,1.31852999141424,-0.369184550673897,NA,NA,4.6647749750191,8,-853.828473925666,1755.26208827203,71.9075788648727,5.92570398977581e-17
5.0065900633152,NA,NA,-0.0164835586759701,-1.05476348592777,NA,NA,-3.16610140487326,NA,NA,7,-856.823899233336,1755.30229633479,71.9477869276245,5.80776296818576e-17
4.92267762239526,0.0181410759567367,-0.134382286434895,0.204409432501118,-2.06047854539931,NA,1.2424021347038,-3.70025418868289,NA,NA,10,-847.902478863417,1755.31138325271,71.9568738455484,5.78143548967796e-17
5.65366939890055,NA,NA,0.863500036743493,NA,NA,-0.606265680963224,NA,1.22628835034713,3.61255259027607,8,-853.902051784881,1755.40924399046,72.054734583302,5.50535710669369e-17
5.34417774176941,NA,-0.594674213972694,NA,-1.03953647689351,1.74439490970987,0.743172224511492,NA,NA,3.51170953144099,9,-851.027222656119,1755.61022828553,72.2557188783653,4.97900210311246e-17
5.25820730849096,-0.116633089740096,-3.77997774203225,0.136021151401032,NA,NA,3.13444834611598,-3.60330636991367,NA,NA,9,-851.19551474495,1755.94681246319,72.5923030560277,4.20778929299942e-17
5.8568914168664,NA,-0.833841307077638,NA,NA,NA,NA,NA,1.49565144379645,2.31859833775974,7,-857.289039939634,1756.23257774738,72.8780683402194,3.647546534061e-17
5.81041276063909,-0.154355528429119,-0.803395484926506,0.829908708195318,NA,NA,NA,NA,1.31224611575142,3.03495527942988,9,-851.445142856524,1756.44606868634,73.0915592791762,3.27824851240157e-17
5.77606385796172,NA,-0.60616315593671,0.867693353886345,-0.255075929337238,NA,NA,NA,1.29799853160183,3.11917058442091,9,-851.730714282128,1757.01721153754,73.6627021303825,2.46388128334005e-17
6.30543444151581,-1.76657994071598,-6.22541535953059,NA,NA,2.46149785148081,4.39520439502369,NA,NA,NA,8,-854.975446065636,1757.55603255197,74.2015231448115,1.88198553814693e-17
5.84279477992185,NA,NA,NA,-1.08128777172115,NA,NA,NA,1.53185216402623,1.90478527775229,7,-858.014628004976,1757.68375387807,74.3292444709048,1.76555783413779e-17
5.73039679344234,NA,NA,0.864438682193796,-0.745029635629835,NA,-0.201330944873705,NA,1.28133882500666,3.0054627828466,9,-852.385876674376,1758.32753632204,74.9730269148795,1.27963575598641e-17
5.76477006752449,-0.100363480479235,NA,0.847229996878985,-1.0127015493984,NA,NA,NA,1.29877075216855,2.75186813189484,9,-852.487070011701,1758.52992299669,75.1754135895299,1.15648141725852e-17
5.38711779292928,NA,-1.15043004613416,0.497602624443765,-0.729064108686497,1.45857054429058,1.01864314150625,NA,NA,3.78987463234435,10,-849.517141521216,1758.54070856831,75.1861991611481,1.15026154697103e-17
6.07684985311125,NA,-3.78420332062693,0.93079540683956,1.03828920132355,NA,2.05588444820771,NA,1.3890910728312,3.13739217977043,10,-849.578572324941,1758.66357017576,75.3090607685981,1.08172668293238e-17
5.05422171828505,-0.245611854275204,NA,0.0252156293701547,-1.03835348156433,NA,NA,-2.97614123374589,NA,NA,8,-855.799919315542,1759.20497905179,75.8504696446232,8.25186470719748e-18
5.25014202230871,-2.02941360200967,NA,-2.23227957179574,NA,3.35191523081502,NA,-2.98010659734855,NA,NA,8,-855.866606775925,1759.33835397255,75.9838445653904,7.71951655400811e-18
5.98352618853635,-0.145137197512148,-2.11342818968741,0.861009768255477,NA,NA,1.17713109057211,NA,1.38782930251742,2.67493915376199,10,-849.973919220591,1759.45426396706,76.099754559898,7.28484922127136e-18
6.02404655080131,NA,-2.02204075745842,NA,NA,NA,1.06870070303608,NA,1.57009047465847,1.95608443171998,8,-856.080072698964,1759.76528581863,76.4107764114672,6.23566866083926e-18
5.02594016954211,NA,NA,-0.214859778279112,-1.09965339056418,0.3640944731906,NA,-3.10803012212547,NA,NA,8,-856.114980487307,1759.83510139532,76.4805919881539,6.02175068289947e-18
5.90940631477803,-0.253956744873444,-0.877356026059364,NA,NA,NA,NA,NA,1.52954506045841,2.0131471042152,8,-856.251824251487,1760.10878892368,76.7542795165132,5.25160772982947e-18
5.71932967939265,NA,NA,NA,NA,NA,-0.653102004043233,NA,1.41173945576778,2.70830843358208,7,-859.340863178013,1760.33622422414,76.981714816977,4.68711199628499e-18
5.68049004184399,-0.145138751708335,NA,0.828549994856134,NA,NA,-0.624197230452379,NA,1.23644448272511,3.42097694402674,9,-853.572489710205,1760.7007623937,77.3462529865371,3.90613162078625e-18
5.31167245122805,NA,NA,1.06518024078348,-0.990042133634684,NA,NA,NA,NA,3.21179792265588,7,-859.93427572615,1761.52304932041,78.1685399132518,2.58934271524654e-18
5.40460882484457,-2.23350169411851,NA,-2.23878219426461,NA,3.60759829020025,-0.360643076678399,-2.17468386828996,NA,NA,9,-854.029528335148,1761.61483964359,78.2603302364244,2.47319021930171e-18
5.33623695560277,NA,-0.719759009664246,1.06460251669167,NA,NA,NA,NA,NA,3.6556227551622,7,-860.073338817233,1761.80117550258,78.4466660954179,2.25317644626505e-18
5.86210359309069,NA,-0.603341234999775,NA,-0.336873582079694,NA,NA,NA,1.51460141226869,2.14495539103846,8,-857.136980300057,1761.87910102082,78.5245916136546,2.16707474729875e-18
5.88731466910836,-0.209307553536032,NA,NA,-1.12299007185481,NA,NA,NA,1.57082928956339,1.63667366005003,8,-857.309172644193,1762.22348570909,78.8689763019252,1.82428088044852e-18
5.8091623673192,-0.147112828533411,-0.671104769348747,0.830183416747136,-0.191393152699985,NA,NA,NA,1.31677697911443,2.94595822178497,10,-851.39482290372,1762.29607133332,78.9415619261561,1.75925963595e-18
5.82039314589596,NA,NA,NA,-0.793170889808912,NA,-0.225644535633691,NA,1.51254307769865,2.04825335982798,8,-857.696368600694,1762.99787762209,79.6433682149277,1.2386101630613e-18
6.09342603222251,-0.267773609945652,-2.13539422816693,NA,NA,NA,1.12289631390682,NA,1.62122226674498,1.59662465626428,9,-854.941788966228,1763.43936090575,80.0848514985835,9.93271014639917e-19
6.13176578197761,-0.181221132767643,-3.99451786402307,0.884226080755204,1.16683813373383,NA,2.1413631064492,NA,1.41967234509308,2.91908555565235,11,-849.071601042063,1763.60027016259,80.2457607554288,9.16487953805882e-19
5.75367822932745,-0.121645224007218,NA,0.832363881266688,-0.722523740111162,NA,-0.229252702964715,NA,1.29675677891024,2.85777028198677,10,-852.154818991873,1763.81606350962,80.4615541024605,8.22749886593522e-19
5.75881515523597,-0.236531835658235,NA,NA,NA,NA,-0.682112502853981,NA,1.42614556623813,2.45123107779192,8,-858.451307371044,1764.50775516279,81.1532457556286,5.82195570691364e-19
5.5299242977797,NA,NA,0.937156162494791,NA,NA,NA,NA,1.08911720507449,4.50939775384794,7,-861.499749476054,1764.65399682022,81.2994874130598,5.41144096055576e-19
6.10254614142481,NA,-3.1466050435388,NA,0.70663791834754,NA,1.64343821759602,NA,1.57198099213524,2.12148300689759,9,-855.751976700423,1765.05973637414,81.7052269669732,4.41781677494888e-19
5.24922181225662,NA,NA,1.047258403301,NA,NA,-0.55848775478738,NA,NA,3.97446285530986,7,-861.726743361305,1765.10798459072,81.7534751835624,4.31251613347473e-19
5.47265306373162,NA,-1.99211948158446,1.1071268918763,NA,NA,1.13338117131669,NA,NA,3.29989001604172,8,-858.828539149945,1765.26221872059,81.9077093134306,3.99244752853402e-19
5.91364550580043,-0.247354835041333,-0.697752309472707,NA,-0.263650235024404,NA,NA,NA,1.5477876552683,1.88016597071415,9,-856.16088464338,1765.87755226005,82.5230428528871,2.9350887425448e-19
5.32828569459496,NA,-0.337679072404494,1.06403681037297,-0.566332790708238,NA,NA,NA,NA,3.3571691926564,8,-859.660840059741,1766.92682054018,83.5723111330226,1.73690283746839e-19
5.36563157147414,-0.157683737355919,-0.738934666188356,1.02946475964999,NA,NA,NA,NA,NA,3.44813494520753,8,-859.696348468433,1766.99783735757,83.643327950406,1.67631031995336e-19
5.33013721314097,-0.106428070155501,NA,1.04104811095579,-0.997501828188109,NA,NA,NA,NA,3.07668720893372,8,-859.759090143103,1767.12332070691,83.7688112997464,1.57436728121934e-19
5.8618356020823,-0.224567635236758,NA,NA,-0.786401895096233,NA,-0.262423395867681,NA,1.54481811959889,1.79429919264871,9,-856.885587482514,1767.32695793832,83.9724485311554,1.42195807759584e-19
5.30652496786289,NA,NA,1.06104573494671,-0.863741370313225,NA,-0.0960468517296816,NA,NA,3.27461410591831,8,-859.877814366112,1767.36076915293,84.0062597457641,1.39812106999216e-19
5.87670903770989,-3.30928905584305,NA,-3.02113053778306,NA,5.21110979600295,-0.810521403874265,NA,NA,NA,8,-860.079741297915,1767.76462301653,84.4101136093707,1.14248111092453e-19
6.19883773977094,-0.294991275956403,-3.60054462000813,NA,0.920840720590453,NA,1.86888310169595,NA,1.62175529137325,1.78588186671994,10,-854.39334499049,1768.29311550686,84.9386060996951,8.77179235007825e-20
4.98824560729155,NA,-0.636677814118693,NA,NA,NA,NA,-3.82551006613133,NA,NA,6,-866.557384324917,1768.81862396536,85.4641145581988,6.74490178988731e-20
6.17038564620138,-0.504951491376762,NA,NA,-1.836192850577,NA,NA,NA,1.73577321218859,NA,7,-863.837784840854,1769.33006754982,85.9755581426605,5.22296441810418e-20
5.07628786969108,-0.402697981591396,-0.655962982644709,NA,NA,NA,NA,-3.38018615716282,NA,NA,7,-863.875713232008,1769.40592433213,86.051414924968,5.02857551272143e-20
5.27609515694062,-0.155067542235201,NA,1.01223104456239,NA,NA,-0.576111927719079,NA,NA,3.77540383235845,8,-861.366935510418,1770.33901144154,86.9845020343751,3.15375305933026e-20
4.75679976602366,NA,NA,-0.580365385718221,NA,NA,NA,-4.665642269882,NA,NA,6,-867.40054049313,1770.50493630179,87.1504268946251,2.90266929707769e-20
5.53705499772885,-0.0480385481061927,NA,0.926722726190925,NA,NA,NA,NA,1.0888954272807,4.4552679856986,8,-861.464478875417,1770.53409817154,87.1795887643746,2.86065272991253e-20
5.49519743878081,-0.141035234616078,-1.97251624511077,1.07411392847671,NA,NA,1.10067018565262,NA,NA,3.12310166114198,9,-858.525091142322,1770.60596525793,87.2514558507721,2.75968428263197e-20
5.4994902591021,NA,-2.37321168801178,1.11465844702798,0.241275517453579,NA,1.32787861378726,NA,NA,3.36593664417956,9,-858.790288250482,1771.13635947425,87.7818500670915,2.11682891631425e-20
4.93152596285963,NA,-0.467073025778639,-0.377245593379217,NA,NA,NA,-3.86549833268214,NA,NA,7,-864.809028893253,1771.27255565462,87.9180462474581,1.97747560537946e-20
5.58233601181251,NA,NA,NA,NA,NA,NA,NA,1.25500293092802,3.60517764795925,6,-867.812632867348,1771.32912105022,87.9746116430606,1.9223307588037e-20
5.18310085408683,NA,NA,1.09359549360482,NA,NA,NA,NA,NA,4.77340440645004,6,-868.01431520682,1771.73248572917,88.3779763220034,1.57122574998174e-20
6.52886067794756,-0.594558676244759,-3.85906530406534,NA,NA,NA,2.29505719694012,NA,1.77199469982073,NA,8,-862.102817565213,1771.81077555113,88.4562661439659,1.51090851617364e-20
5.35488765454685,-0.136150788470008,-0.401419842200151,1.03334730809535,-0.496364243456266,NA,NA,NA,NA,3.21292857051935,9,-859.384438532251,1772.32466003779,88.970150630629,1.16855611027504e-20
5.32212663149289,NA,NA,NA,-1.01686025890968,NA,NA,NA,NA,2.16825232119192,6,-868.511701627525,1772.72725857058,89.3727491634149,9.55490580551281e-21
5.32554764499782,-0.119430517803047,NA,1.03279526600583,-0.831997992524008,NA,-0.126684644963778,NA,NA,3.14344641199429,9,-859.663191931774,1772.88216683684,89.5276574296747,8.84277362903388e-21
5.34854760647227,NA,-0.738305936272097,NA,NA,NA,NA,NA,NA,2.6196741582359,6,-868.653591697004,1773.01103870954,89.656529302373,8.29095075902488e-21
5.02044507752327,-0.34566981651893,-0.524197221295285,-0.286120312922685,NA,NA,NA,-3.47360209154517,NA,NA,8,-862.92064354927,1773.44642751924,90.0919181120805,6.66900214425006e-21
5.20293787814637,-0.720520262097012,-0.800957374463625,NA,NA,0.50964954389921,NA,-3.02179134826055,NA,NA,8,-862.960366905819,1773.52587423234,90.1713648251787,6.40927966989188e-21
4.96116317324961,NA,-0.576440784424396,NA,NA,-0.238574919903177,NA,-3.82864484480277,NA,NA,7,-865.994921932343,1773.6443417328,90.2898323256375,6.04065915972261e-21
4.81005274201511,-0.283478314297472,NA,-0.526918112270341,NA,NA,NA,-4.42567626617781,NA,NA,7,-866.126452793428,1773.90740345497,90.5528940478071,5.29616131161067e-21
6.19195450593144,NA,NA,NA,-2.06366864377318,NA,NA,NA,1.71532312290515,NA,6,-869.338077362799,1774.38001004112,91.0255006339619,4.18153742624405e-21
4.74456787981245,NA,NA,NA,NA,NA,NA,-5.1435393742272,NA,NA,5,-872.457290526687,1774.66779381631,91.3132844091508,3.62113349372685e-21
6.17997406878882,-0.513083444559907,NA,0.070715802511119,-1.86588792756656,NA,NA,NA,1.73676071296927,NA,8,-863.785338891505,1775.17581820371,91.8213087965489,2.80884931472778e-21
6.18313931388348,-0.519526638159112,-0.138042348876629,NA,-1.68809046338267,NA,NA,NA,1.73783588606833,NA,8,-863.789645592984,1775.18443160667,91.8299221995078,2.79677845068973e-21
6.44611310782915,-1.40764617133588,-1.67888349798519,NA,NA,1.12221425008386,NA,NA,1.64970103045727,NA,8,-863.812704169829,1775.23054876036,91.8760393531968,2.73302655852394e-21
6.17043074303837,-0.496319018170116,NA,NA,-1.89786812665583,NA,0.0611717504116355,NA,1.73520245639128,NA,8,-863.81275724711,1775.23065491492,91.8761455077595,2.73288150075407e-21
5.26126785525312,NA,NA,NA,NA,NA,-0.588767353106654,NA,NA,2.94103635278664,6,-869.94745298241,1775.59876128035,92.2442518731846,2.27346105605186e-21
4.79542075865395,NA,NA,-0.541155438800125,NA,NA,-0.128895431882797,-4.43878086738783,NA,NA,7,-867.162746690974,1775.97999125006,92.6254818428997,1.87890353336525e-21
4.81664492472425,-0.378480497889756,NA,NA,NA,NA,NA,-4.76614218506389,NA,NA,6,-870.162372573066,1776.02860046166,92.6740910544954,1.8337880020983e-21
4.76102049433227,NA,NA,-0.652826026993592,NA,0.119602212317916,NA,-4.66672131464768,NA,NA,7,-867.326215325186,1776.30692851849,92.9524191113244,1.59555198034924e-21
5.5356180062013,-0.151852062234175,-2.52196515300285,1.08270728924425,0.348285945412911,NA,1.37966265890785,NA,NA,3.20576641838899,10,-858.446578561642,1776.39958264916,93.0450732419988,1.52332078717807e-21
4.73529085511552,NA,NA,NA,NA,-0.440311732206369,NA,-4.92042153972762,NA,NA,6,-870.407001539265,1776.51785839406,93.1633489868934,1.43584684030516e-21
5.60120186135617,-0.140889072654529,NA,NA,NA,NA,NA,NA,1.25112492334692,3.47686278821595,7,-867.51020588575,1776.67490963961,93.3204002324521,1.32740934925572e-21
5.39802602399964,-0.274475139126455,-0.770788939310109,NA,NA,NA,NA,NA,NA,2.32125196823232,7,-867.534312546871,1776.72312296186,93.3686135546939,1.29579256061936e-21
4.93369927796917,NA,-0.464659867359907,-0.437053555019017,NA,0.096918543784148,NA,-3.87058310990965,NA,NA,8,-864.75974289692,1777.12462621454,93.7701168073793,1.060108114279e-21
5.35983279090758,-0.223347792320027,NA,NA,-1.03230184425741,NA,NA,NA,NA,1.93550666812963,7,-867.755906989279,1777.16631184667,93.8118024395105,1.03824115199994e-21
6.45801510247816,-0.565070149197819,-3.09766169266374,NA,-0.419551663584371,NA,1.89123459452274,NA,1.76430279926299,NA,9,-861.973835405816,1777.50345378492,94.1489443777598,8.7718015337615e-22
5.19432028440968,-0.069513727077612,NA,1.07851681693652,NA,NA,NA,NA,NA,4.69507197125524,7,-867.943253337138,1777.54100454239,94.1864951352277,8.60864410199668e-22
6.5514272328525,-0.60564594683986,-3.97142938176702,0.089372109561436,NA,NA,2.37834608053494,NA,1.77414395087628,NA,9,-862.020118256812,1777.59601948691,94.2415100797523,8.37506931699715e-22
5.44508631847524,NA,-1.6393879933776,NA,NA,NA,0.802148498109131,NA,NA,2.34021328970165,7,-868.050647949066,1777.75579376625,94.401284359084,7.73203597956411e-22
4.83257657493563,NA,NA,NA,NA,NA,-0.2882162558885,-4.56425821464012,NA,NA,6,-871.175123446981,1778.05410220949,94.6995928023264,6.66065609888458e-22
5.33954847486439,NA,-0.34537434336471,NA,-0.582561717246885,NA,NA,NA,NA,2.3167318162544,7,-868.240258199252,1778.13501426662,94.7805048594557,6.39657035361354e-22
4.93430060886268,-0.426271950391148,NA,NA,NA,NA,-0.350257909901896,-4.01356245619292,NA,NA,7,-868.301042962785,1778.25658379368,94.9020743865215,6.01933748505851e-22
5.31416050234128,NA,NA,NA,-0.816095517208435,NA,-0.152129225694602,NA,NA,2.27337097524496,7,-868.376516913166,1778.40753169445,95.0530222872844,5.58175504183395e-22
4.87798854661062,-0.32270008557737,NA,-0.458508343846153,NA,NA,-0.199787983432658,-4.04056129630693,NA,NA,8,-865.579902659421,1778.76494573954,95.4104363323822,4.66830582747449e-22
6.19053557794443,NA,NA,NA,-2.32554067035358,NA,0.276198510516207,NA,1.71392250005721,NA,7,-868.810811834078,1779.27612153627,95.9216121291088,3.61542107819194e-22
5.30660158466,-0.271636888397626,NA,NA,NA,NA,-0.617851174474685,NA,NA,2.65630483129691,7,-868.862568102161,1779.37963407244,96.0251246652738,3.43306023971236e-22
6.16335095426468,NA,0.295338962733447,NA,-2.36732548596855,NA,NA,NA,1.71185812685472,NA,7,-869.104447282964,1779.86339243404,96.5088830268801,2.69547079403774e-22
6.20549205170536,NA,NA,NA,-2.10093960772013,0.104952737725294,NA,NA,1.7024788904309,NA,7,-869.217456009601,1780.08940988732,96.7349004801533,2.40744051006806e-22
6.18505358231231,NA,NA,-0.0491785538304243,-2.04042799016978,NA,NA,NA,1.71486882517746,NA,7,-869.312714158961,1780.27992618604,96.9254167788745,2.18869615774984e-22
4.81095657352753,NA,NA,NA,NA,-0.399667856852443,-0.243229926368093,-4.45195110411822,NA,NA,7,-869.510319749954,1780.67513736802,97.3206279608605,1.79624866245534e-22
6.32094872608396,-0.744701088020496,-1.60814467896136,NA,NA,NA,NA,NA,1.76141798291425,NA,7,-869.550218495974,1780.75493486006,97.4004254528995,1.72599149964077e-22
6.18173122848969,-0.503049887913972,NA,0.0832330510317633,-1.95307585302863,NA,0.0812671392928238,NA,1.73617953611059,NA,9,-863.742796112252,1781.04137519779,97.6868657906323,1.49568081658909e-22
6.18943002795003,-0.52428750971932,-0.116774331913681,0.0608880922217511,-1.73648096073987,NA,NA,NA,1.73836648090121,NA,9,-863.751893638591,1781.05957025047,97.7050608433099,1.48213552869527e-22
6.62188134299081,NA,-4.6713671068203,NA,NA,NA,2.91740887213081,NA,1.75921154201675,NA,7,-869.943976694751,1781.54245125762,98.1879418504539,1.16421084239291e-22
5.48875887763569,-0.26694583056153,-1.62672932487157,NA,NA,NA,0.762800198977077,NA,NA,2.06224503383288,8,-866.987604706945,1781.58034983459,98.2258404274303,1.14235758106632e-22
4.78835525471216,-0.251861922467864,NA,NA,NA,-0.207040110399617,NA,-4.78734012883522,NA,NA,7,-869.965107340486,1781.58471254909,98.2302031419238,1.13986840695451e-22
4.79666249263711,NA,NA,-0.601256448609243,NA,0.0957329248996939,-0.1219972473709,-4.45179244327996,NA,NA,8,-867.115780801001,1781.8367020227,98.4821926155423,1.00493020007584e-22
5.38811107334979,-0.255750343649671,-0.460954227359007,NA,-0.455999991833462,NA,NA,NA,NA,2.10170535914888,8,-867.282455254256,1782.17005092921,98.8155415220508,8.5064842548062e-23
5.35191483819409,-0.242803855425957,NA,NA,-0.758215847171703,NA,-0.20918497874573,NA,NA,2.06075471275349,8,-867.503943537357,1782.61302749542,99.2585180882538,6.8164611421923e-23
6.2726103239714,-3.91317023769329,NA,-4.03591224216674,NA,6.13724108310064,NA,NA,1.05232188338346,NA,8,-867.705018368686,1783.01517715807,99.6606677509108,5.57485111827849e-23
5.19146000641093,NA,NA,NA,NA,NA,NA,NA,NA,3.7384383881784,5,-876.669242727405,1783.09169821775,99.7371888105863,5.36558323846538e-23
6.47603047924027,-0.574547695082661,-3.13749019495658,0.105556927059024,-0.470701344434478,NA,1.94032950983617,NA,1.76590643173867,NA,10,-861.860364412961,1783.2271543518,99.8726449446362,5.01421568259696e-23
6.05325971585904,NA,NA,NA,-2.9657181106345,0.648349280457183,0.656773065747341,NA,1.39203149283932,NA,8,-867.834027108861,1783.27319463842,99.9186852312612,4.90010616678587e-23
5.4251382702815,NA,-1.35811183712339,NA,-0.179672510196775,NA,0.659623759748769,NA,NA,2.29647313053904,8,-868.030393256222,1783.66592693315,100.311417525983,4.02647266804322e-23
6.3608581772904,NA,-1.81625371461518,NA,-1.49090721452396,NA,1.36527453874488,NA,1.72960992246703,NA,8,-868.166965483221,1783.93907138714,100.584561979982,3.51246649987604e-23
4.94172404355033,-0.44939311355146,NA,NA,NA,0.0361053272741519,-0.357708191521912,-3.99385987458182,NA,NA,8,-868.295857490455,1784.19685540161,100.842345994449,3.08770003950703e-23
6.06496181720231,NA,0.749825715443264,NA,-3.04157189835425,0.500431599157932,NA,NA,1.54896424293446,NA,8,-868.589374651454,1784.78388972361,101.429380316448,2.30230162476009e-23
6.19073978121014,NA,NA,0.00146943625816195,-2.32662173175553,NA,0.276606949707783,NA,1.71393405701128,NA,8,-868.810790305286,1785.22672103127,101.872211624111,1.84502656386549e-23
6.19390844936828,NA,NA,-0.186263676222594,-2.05270024782271,0.217556950799668,NA,NA,1.68699500347229,NA,8,-868.991849516828,1785.58883945436,102.234330047196,1.53946424587108e-23
6.16150391535164,NA,0.287599162710838,-0.0184798292177584,-2.35063317537781,NA,NA,NA,1.71178543906533,NA,8,-869.101023840973,1785.80718810265,102.452678695486,1.38024378513259e-23
6.28972176401764,-0.710251841064893,-1.54432222067806,-0.185838369658447,NA,NA,NA,NA,1.75775296102294,NA,8,-869.164161387777,1785.93346319626,102.578953789094,1.29579264975427e-23
6.61029164572483,NA,-4.54925081487308,-0.0698333829590752,NA,NA,2.82273035681157,NA,1.75309026153478,NA,8,-869.905543095486,1787.41622661167,104.061717204512,6.17387066754705e-24
6.6156650294632,NA,-4.97428048138615,NA,NA,0.144618462340418,3.17857190556907,NA,1.73891137081002,NA,8,-869.936608165364,1787.47835675143,104.123847344268,5.98502734584757e-24
5.49169198590265,-0.267782757364562,-1.66636720832231,NA,0.0252804544441899,NA,0.782819574442925,NA,NA,2.06762003340624,9,-866.987207304349,1787.53019758199,104.175688174825,5.83188626590316e-24
5.22059943094371,-0.18722487197951,NA,NA,NA,NA,NA,NA,NA,3.5685099043647,6,-876.165686114426,1788.03522754438,104.680718137217,4.53046920588416e-24
6.21781143391582,NA,-1.75548466505423,NA,-2.11717885221961,0.600273981734129,1.68418717632748,NA,1.45018330714178,NA,9,-867.282652839662,1788.12108865261,104.766579245452,4.34008944554049e-24
5.56458838056884,-0.533409749583249,NA,NA,-1.91267683358201,NA,NA,NA,NA,NA,6,-876.224307319205,1788.15246995394,104.797960546773,4.2725220923139e-24
6.05222650057483,NA,NA,-0.237784322014147,-2.9021424637725,0.795741045439377,0.656786049000927,NA,1.4112879819277,NA,9,-867.472328941389,1788.50044085607,105.145931448905,3.59023929312358e-24
6.0267556802849,NA,0.82350284845721,-0.26463000285089,-3.07051122159533,0.712034159233286,NA,NA,1.50267824779489,NA,9,-868.145689116837,1789.84716120696,106.492651799801,1.83099343515238e-24
6.3619830305386,NA,-1.81734625333251,0.00734205727920968,-1.49584833985252,NA,1.36799320747955,NA,1.72966581431856,NA,9,-868.166426455311,1789.88863588391,106.53412647675,1.79341449483143e-24
5.56466735156625,NA,NA,NA,-3.36420251330563,0.879956929268658,0.907852733774252,NA,NA,NA,7,-874.8653126102,1791.38512308851,108.030613681351,8.4863826061787e-25
5.52704992867578,NA,NA,NA,-2.1670961921296,NA,NA,NA,NA,NA,5,-881.116398276149,1791.98600931524,108.631499908074,6.28408168474629e-25
5.45039329491901,NA,1.37509112458637,NA,-3.90937504410241,0.863472784247664,NA,NA,NA,NA,7,-875.403706144364,1792.46191015684,109.10740074968,4.95337567327155e-25
5.58764850039822,-0.550073527599743,NA,0.262819832274534,-2.03504339283089,NA,NA,NA,NA,NA,7,-875.561439553438,1792.77737697499,109.422867567828,4.23056641892863e-25
6.60111547519386,NA,-4.96220859925163,-0.103621457520643,NA,0.233622230493166,3.1831507366502,NA,1.72381125937791,NA,9,-869.871165860992,1793.29811469527,109.943605288111,3.26078195181387e-25
5.55859736083937,-0.489767859119195,NA,NA,-2.14823430372709,NA,0.227201603283844,NA,NA,NA,7,-875.897820395203,1793.45013865852,110.095629251359,3.02210934900365e-25
6.19374757185347,NA,-1.53224323580765,-0.186412346289565,-2.17797834099624,0.724514618685683,1.55523960374346,NA,1.45232538347498,NA,10,-867.068276566309,1793.64297865849,110.288469251332,2.74432473775775e-25
5.96305028331242,-4.12351847529908,NA,-4.20698962641973,NA,6.62854471093804,NA,NA,NA,NA,7,-876.053318042028,1793.76113395217,110.406624545007,2.58689263521924e-25
5.54076253405854,-0.502226986729845,0.238662216472471,NA,-2.17159941113723,NA,NA,NA,NA,NA,7,-876.08574083715,1793.82597954241,110.471470135251,2.50436348780951e-25
5.55707264686421,NA,NA,NA,-2.34162110554088,0.487861092691591,NA,NA,NA,NA,6,-879.26254573205,1794.22894677963,110.874437372465,2.04735964912401e-25
5.90215671340065,-1.62461685781563,-1.74194912472165,NA,NA,1.44322396662115,NA,NA,NA,NA,7,-876.495642171697,1794.64578221151,111.291272804345,1.6621854473066e-25
5.52019809580346,NA,NA,NA,-2.60936420690647,NA,0.461336463792805,NA,NA,NA,6,-879.681711130402,1795.06727757633,111.712768169169,1.34633433055466e-25
5.91767654935482,-0.613909997137691,-4.16213961875019,NA,NA,NA,2.54703008333618,NA,NA,NA,7,-876.887026526703,1795.42855092152,112.074041514358,1.12383721673294e-25
5.46660106529221,NA,0.656684968080639,NA,-2.84523853775375,NA,NA,NA,NA,NA,6,-879.985347435283,1795.67455018609,112.320040778929,9.93768778813284e-26
5.55896912076445,NA,NA,-0.143226133046745,-3.33229736949902,0.978815719496122,0.911979172026135,NA,NA,NA,8,-874.739586679574,1797.08431377985,113.729804372689,4.91087719109838e-26
5.54329407114424,NA,NA,0.198367429221458,-2.26600342981582,NA,NA,NA,NA,NA,6,-880.74303876502,1797.18993284557,113.835423438404,4.65826493371353e-26
5.59031276082186,NA,-0.310619917425325,NA,-3.21689476360228,0.874462572419141,1.09149708762971,NA,NA,NA,8,-874.848028181519,1797.30119678374,113.946687376577,4.40619311708301e-26
5.58473315661525,-0.491211221812232,NA,0.327697035969834,-2.402797844356,NA,0.325799507019615,NA,NA,NA,8,-874.927364914118,1797.45987024894,114.105360841776,4.07012757958082e-26
5.44074661038367,NA,1.40176303858087,-0.185887426886602,-3.892578626349,0.996239654917621,NA,NA,NA,NA,8,-875.193772265659,1797.99268495202,114.638175544858,3.11823455451298e-26
5.55478747982379,-0.504789564538845,0.362760956045551,0.301008556910795,-2.44617641977315,NA,NA,NA,NA,NA,8,-875.253675995669,1798.11249241204,114.757983004878,2.93692543501005e-26
5.68943195976516,-0.514664557478009,-1.55601563528465,NA,-1.42334657032259,NA,1.15620702879509,NA,NA,NA,8,-875.465206632801,1798.5355536863,115.181044279141,2.37698440274069e-26
5.54534969385988,NA,NA,0.322838829454493,-2.86522533956186,NA,0.561185614232564,NA,NA,NA,7,-878.756354838212,1799.16720754454,115.812698137377,1.73326289309966e-26
6.38247437953781,NA,-1.86445918902434,NA,NA,NA,NA,NA,1.7354679517878,NA,6,-881.962044869157,1799.62794505384,116.273435646679,1.37662787899838e-26
5.9811502246869,-0.628766808528076,-4.62459771551675,0.300079980533076,NA,NA,2.8990462119695,NA,NA,NA,8,-876.070091922977,1799.74532426666,116.390814859494,1.29815929794128e-26
5.55265186866411,NA,NA,-0.118241414542699,-2.31097950599333,0.568956606989529,NA,NA,NA,NA,7,-879.179097305396,1800.01269247891,116.658183071744,1.13571593329926e-26
5.47918807024015,NA,0.782851968933675,0.293003892903682,-3.12080282249235,NA,NA,NA,NA,NA,7,-879.211561299682,1800.07762046748,116.723111060317,1.09943810540564e-26
5.59086463728312,NA,-0.850986099383507,NA,-2.22237654560173,NA,0.974089421120272,NA,NA,NA,7,-879.55308744465,1800.76067275741,117.406163350252,7.81354045202046e-27
6.30258817235865,NA,-1.68796617176045,-0.437250324891841,NA,NA,NA,NA,1.72954892595255,NA,7,-879.793924415029,1801.24234669817,117.887837291009,6.14120645362183e-27
6.31663256439802,NA,-1.75966054466311,NA,NA,-0.409033915258732,NA,NA,1.78469046750959,NA,7,-880.009169315102,1801.67283649832,118.318327091155,4.95192462231838e-27
5.95495611742921,NA,-5.10702557607844,NA,NA,NA,3.29350544103773,NA,NA,NA,6,-883.215553489308,1802.13496229414,118.780452886981,3.93029079070239e-27
5.73972372196864,-0.520738611006911,-1.81913367239539,0.354245940056666,-1.57682229676636,NA,1.4203669266858,NA,NA,NA,9,-874.338908983744,1802.23360094078,118.879091533615,3.74115389670594e-27
5.57231880767553,NA,-0.159056592997305,-0.138125641023633,-3.2579434537006,0.972521758446778,1.00583876098515,NA,NA,NA,9,-874.735212644479,1803.02620826225,119.671698855085,2.51705717552309e-27
6.04772027392759,NA,-5.85184310675489,NA,NA,0.500558395997147,3.92643616360268,NA,NA,NA,7,-881.506008819494,1804.6665155071,121.31200609994,1.10842136484075e-27
5.63673273829558,NA,-1.08758263356075,0.337898130480243,-2.38338780445351,NA,1.22159505117089,NA,NA,NA,8,-878.547038042852,1804.69921650641,121.344707099244,1.09044547952341e-27
5.74570087480705,-0.853197659368269,-1.61819530241874,NA,NA,NA,NA,NA,NA,NA,6,-884.92494923739,1805.55375379031,122.199244383144,7.11284824470026e-28
6.29489955569871,NA,-1.69280478607515,-0.28849360028288,NA,-0.216111463155021,NA,NA,1.75760245301539,NA,8,-879.499073841884,1806.60328810447,123.248778697307,4.20862336914785e-28
6.17498719204535,-0.925663227825999,NA,NA,NA,NA,-1.49447096421261,NA,1.75477274134884,NA,7,-882.483677611923,1806.62185309196,123.267343684798,4.16973760668528e-28
6.00610356871465,NA,-5.49613777682218,0.23998835594916,NA,NA,3.59029467624972,NA,NA,NA,7,-882.702211472374,1807.05892081286,123.704411405701,3.35120254246463e-28
6.10910608567525,-0.81400178101277,NA,-0.480757784404047,NA,NA,-1.34889514674308,NA,1.74585103947501,NA,8,-879.836971054479,1807.27908252966,123.924573122498,3.00187889489911e-28
6.25745027385813,-1.39564099006036,NA,NA,NA,0.777031184377547,-1.52631535533507,NA,1.67744075682742,NA,8,-879.885213353549,1807.3755671278,124.021057720639,2.86049901921441e-28
6.04467507871253,NA,-5.82998709867234,-0.0363595948807738,NA,0.525694280478653,3.91301129408383,NA,NA,NA,8,-881.498386860947,1810.6019141426,127.247404735434,5.69966657463e-29
5.73268749738531,-0.837436835657536,-1.58199597868409,-0.0980602414189143,NA,NA,NA,NA,NA,NA,7,-884.82519416178,1811.30488619167,127.950376784512,4.01052298458989e-29
5.73240717405072,NA,-1.9019563078836,NA,NA,NA,NA,NA,NA,NA,5,-897.525544644094,1824.80430205113,141.449792643965,4.69721134684486e-32
6.10622775765257,NA,NA,-0.809348703581221,NA,NA,-1.4742370673491,NA,1.71141014954133,NA,7,-893.047015464579,1827.74852879727,144.394019390111,1.07772854700644e-32
5.75367907476289,-1.62265475693799,NA,NA,NA,0.960918593350702,-1.52430686242156,NA,NA,NA,7,-893.422862014994,1828.5002218981,145.14571249094,7.40084491706453e-33
5.69212456279484,NA,-1.77309602306418,-0.310916398113395,NA,NA,NA,NA,NA,NA,6,-896.528000480803,1828.75985627713,145.405346869971,6.49983623623292e-33
5.70446010548141,NA,-1.8365610440484,NA,NA,-0.26512340609769,NA,NA,NA,NA,6,-896.943107586893,1829.59007048931,146.23556108215,4.29164399894649e-33
5.65110974492776,-1.08889512388244,NA,NA,NA,NA,-1.47146055643526,NA,NA,NA,6,-897.000125706736,1829.704106729,146.349597321836,4.05378801457008e-33
6.12173513256752,NA,NA,NA,NA,-0.741536674732842,-1.61391695680136,NA,1.81115942437004,NA,7,-894.52367720471,1830.70185227753,147.347342870372,2.46151984405751e-33
5.60257073255599,-0.992591865442074,NA,-0.427561040804205,NA,NA,-1.33720924204189,NA,NA,NA,7,-895.015919037889,1831.68633594389,148.33182653673,1.50461514633515e-33
6.09344255793752,NA,NA,-0.588880222154938,NA,-0.318448025912449,-1.48806057495011,NA,1.75319881236513,NA,8,-892.462034816453,1832.52921005361,149.174700646445,9.87182941086869e-34
5.6908058739737,NA,-1.77352986188593,-0.280234606025767,NA,-0.0497974115601678,NA,NA,NA,NA,7,-896.517145973902,1834.68878981592,151.334280408757,3.35313358039887e-34
6.22807896970472,NA,NA,NA,NA,NA,-1.76933607435363,NA,1.71862291159795,NA,6,-900.728104179382,1837.16006367429,153.805554267128,9.74586867496459e-35
5.54276217127154,NA,NA,-0.745300903213759,NA,NA,-1.49996164801882,NA,NA,NA,6,-910.656232481656,1857.01632027884,173.661810871676,4.75432884713135e-39
5.54960177536035,NA,NA,NA,NA,-0.747203589948231,-1.62517222137758,NA,NA,NA,6,-912.061509561819,1859.82687443916,176.472365032001,1.16623248997009e-39
5.5339635595543,NA,NA,-0.572911664272726,NA,-0.272805625237458,-1.50889998544771,NA,NA,NA,7,-910.355715498792,1862.3659288657,179.011419458537,3.27669842867421e-40
5.62375883324384,NA,NA,NA,NA,NA,-1.77390996257309,NA,NA,NA,5,-916.687687531809,1863.12858782656,179.774078419394,2.23783047459856e-40
6.00782981762627,-1.21562407935158,NA,-1.44390051671303,NA,NA,NA,NA,1.57209725564256,NA,7,-924.096820556774,1889.84813898166,206.493629574499,3.52980221212874e-46
5.59500026213321,-1.37341262444848,NA,-1.39428421193756,NA,NA,NA,NA,NA,NA,6,-935.356754771333,1906.41736485819,223.06285545103,8.90817391376082e-50
5.99046338536116,NA,NA,-2.01982234241582,NA,NA,NA,NA,1.67824347941482,NA,6,-944.259343670274,1924.22254265607,240.868033248912,1.21183489433203e-53
6.21571903321969,-1.7997407093186,NA,NA,NA,NA,NA,NA,1.53798756886816,NA,6,-947.210522191057,1930.12489969764,246.770390290478,6.33523759230124e-55
5.98866631826794,NA,NA,-1.99981384292453,NA,-0.0315158882623686,NA,NA,1.68252288112579,NA,7,-944.255080595861,1930.16465905984,246.810149652674,6.21053868329908e-55
6.23292475286319,-1.89657058888937,NA,NA,NA,0.166901416463696,NA,NA,1.53415913158174,NA,7,-947.128752085643,1935.9120020394,252.557492632238,3.50840402341059e-56
5.79694660262538,-1.91730230853721,NA,NA,NA,NA,NA,NA,NA,NA,5,-956.37079153829,1942.49479583952,259.140286432356,1.30519105560704e-57
5.8249760728386,-2.05708510975297,NA,NA,NA,0.243930538485498,NA,NA,NA,NA,6,-956.199800218387,1948.1034557523,264.748946345139,7.90258295544282e-59
5.53284918759486,NA,NA,-1.9963997449989,NA,NA,NA,NA,NA,NA,5,-959.555679650494,1948.86457206393,265.510062656765,5.40125593242537e-59
5.53022479989627,NA,NA,-1.96136900732127,NA,-0.0579467782118016,NA,NA,NA,NA,6,-959.545024775191,1954.79390486591,271.439395458746,2.78584210305604e-60
6.05455366092162,NA,NA,NA,NA,-1.86874777898245,NA,NA,1.8113356542851,NA,6,-965.879967019298,1967.46378935412,284.109279946959,4.93998963730266e-63
5.57660069347894,NA,NA,NA,NA,-1.9846672012975,NA,NA,NA,NA,5,-977.90242175955,1985.55805628204,302.203546874876,5.81575225107726e-67
6.3506515974722,NA,NA,NA,NA,NA,NA,NA,1.66756080300512,NA,5,-991.331137959901,2012.41548868274,329.060979275578,8.56226278374825e-73
5.84742926718029,NA,NA,NA,NA,NA,NA,NA,NA,NA,4,-1003.79743792256,2031.39744605547,348.042936648309,6.46708964787729e-77
